line,page,week,num_likes,domain,outlet,title,description,contenttype,image,url,text,id,right_of_center
144,Pegida,17,628,bz-berlin.de,,Was macht die Linke bei der Hamas-Konferenz?,Am Sonnabend trafen sich 3000 Sympathisanten der Islamistengruppe in Berlin. Mittendrin: Ein Werbe-Stand der Linkspartei...,article,http://www.bz-berlin.de/data/uploads/2015/04/dsc_3459_1429990171-768x432.jpg,http://www.bz-berlin.de/berlin/treptow-koepenick/was-macht-die-linke-bei-der-hamas-konferenz,"Treptow Am Sonnabend trafen sich 3000 Sympathisanten der Islamistengruppe in Berlin. Mittendrin: Ein Werbe-Stand der Linkspartei... Islamisten-Konferenz in Berlin. Am Sonnabend kamen wie angekündigt mehrere Tausend Anhänger der islamistischen Hamas in die Hauptstadt. Mit dabei: die Linkspartei. Die Arena in Treptow: Tausende kamen zur „13. Konferenz der Palästinenser in Europa“. Die Veranstalter stehen laut Verfassungsschutz der Hamas nahe, die in der EU als terroristische Vereinigung eingestuft ist. Inmitten der Halle: ein Stand der Linkspartei, mit Werbematerial und Mitgliedsanträgen. Er solidarisiere sich eben mit den Palästinensern, erklärt der Linkspartei-Mann dahinter. Angesprochen auf die Veranstalter, erklärt er: „Ja, hier laufen auch einige Hamas-Mitglieder herum, ich habe damit kein Problem, es ist alles friedlich.“ Neben dem Linkspartei-Stand befand sich eine große Fotoausstellung, gezeigt wurden Bilder aus Gaza. Auf einem der großen Fotos wurde 17 „getöteter Journalisten“ gedacht. Das Problem: Der Großteil der angeführten „Journalisten“ waren bewaffnete Hamas-Kämpfer. Hakan Tas auf der Gegenveranstaltung Etwa Abdallah Murtaghi. Er war Mitglied der Qassam-Brigaden, des bewaffneten Flügels der Hamas. Fotos zeigen den angeblichen „Journalisten“ mit Sturmgewehr und Stirnband der islamistischen Terrorgruppe. Überall in der Halle präsent: eine Landkarte, auf der der Staat Israel ausgelöscht ist – eine klare Absage an die Zwei-Staaten-Lösung. Gegen solcherlei Hass gab es jedoch auch Widerstand: Das Bündnis „Berlin gegen Hamas“ demonstrierte mit 200 Teilnehmern, darunter Volker Beck (Grüne), Jan Stöß (SPD) und Hakan Tas (Linkspartei). Bündnissprecher Sebastian Mohr zur B.Z.: „Wir haben gezeigt, dass Islamisten in Berlin nicht willkommen sind.“ 250 Polizisten schützten die Gegendemonstranten vor den Teilnehmern der Hass-Konferenz. Diesen Artikel teilen:",144,true
146,Pegida,17,453,youtube.com,YouTube,Dr. Alfons Proebstl 65 - Kasse machen!,"Wenn sie den Versicherungsvertreter fragen, dann ist der Tod NICHT das Schlimmste, was ihnen passieren kann... Hallo liebe Ladies und Germanies, Der Arzt sag...",video,https://i.ytimg.com/vi/ga4X--LLRME/maxresdefault.jpg,https://www.youtube.com/watch?v=ga4X--LLRME,,146,true
147,Pegida,17,0,sz-online.de,SZ-Online,NPD empfiehlt die Wahl Festerlings,Der Kreisvorstand der rechtsextremen Partei verzichtet auf einen eigenen OB-Kandidaten. Pegida-Chef Lutz Bachmann gefällt das nicht.,article,http://m.sz-online.de/bilder/pegidas-ob-kandidatin-tatjana-festerling-1467105h.jpg,http://m.sz-online.de/nachrichten/npd-empfiehlt-die-wahl-festerlings-3085631.html,"Montag, 20.04.2015 NPD empfiehlt die Wahl Festerlings Der Kreisvorstand der rechtsextremen Partei verzichtet auf einen eigenen OB-Kandidaten. Pegida-Chef Lutz Bachmann gefällt das nicht. Pegidas OB-Kandidatin Tatjana Festerling. © REUTERS Die NPD unterstützt den Wahlkampf von Tatjana Festerling als OB-Kandidatin. Die NPD verzichte auf einen eigenen Kandidaten und empfiehlt stattdessen die Pegida-Frau. Das gab der Kreisvorstand der NPD Dresden in einer Mitteilung auf der Homepage bekannt. Zudem fordern sie die AfD auf, ihren OB-Kandidaten zurückzuziehen und ebenfalls Tatjana Festerling zu unterstützen. Pegida werde sich nun im Team beraten, so Bachmann. Auf Nachfrage der Sächsischen Zeitung äußerte sich Pegida-Chef Lutz Bachmann dazu: „Das ist eine gezielte Aktion, um uns zu schaden. Verhindern kann man so etwas nicht. Das ist ungefähr so, als wenn wir Frau Stange unterstützen würden. Das würde sie ja auch nicht gut finden, könnte sich aber nicht dagegen wehren.“ (szo) zur Startseite Desktopversion des Artikels Empfehlung - NPD empfiehlt die Wahl Festerlings Die NPD unterstützt den Wahlkampf von Tatjana Festerling als OB-Kandidatin. Die NPD verzichte auf einen eigenen Kandidaten und empfiehlt stattdessen die Pegida-Frau. Das gab der Kreisvorstand der NPD Dresden in einer Mitteilung auf der Homepage bekannt. Zudem fordern sie die AfD auf, ihren OB-Kandidaten zurückzuziehen und ebenfalls Tatjana Festerling zu unterstützen.(...)   Link zum Artikel:  http://m.sz-online.de/nachrichten/npd-empfiehlt-die-wahl-festerlings-3085631.html E-Mail-Versand",147,true
1251,DieLinke,17,0,youtube.com,YouTube,HEY! HIER KOMMT FRONTEX !!!,,video,https://i.ytimg.com/vi/cp4xA3NgZzg/hqdefault.jpg,https://www.youtube.com/watch?v=cp4xA3NgZzg,,1251,false
1253,DieLinke,17,197,youtube.com,YouTube,Die kommende Demokratie: Sozialismus 2.0,Zu den Aufgaben und Möglichkeiten einer Partei der Zukunft im Europa von Morgen. Das Zukunftsmanifest von Katja Kipping und Bernd Riexinger vorgestellt auf d...,video,https://i.ytimg.com/vi/KStivMNdbxE/hqdefault.jpg,https://www.youtube.com/watch?v=KStivMNdbxE,,1253,false
1266,DieLinke,17,2385,linksfraktion.de,,Fraktion DIE LINKE. im Bundestag - Livestream,,article,http://medien.linksfraktion.de/bilder/logo-fraktion-linke.jpg,http://www.linksfraktion.de/livestream/,,1266,false
2529,DieGruenen,17,0,n-tv.de,n-tv.de,Hans-Olaf Henkel zur Agenda 2010: Lieber prekär arbeiten als Geld vom Staat,,article,http://bilder3.n-tv.de/img/dpa_lifestyle/crop455474/8111327574-cImg_16_9-w1200/Solche-Ausfluechte-kennt-jeder-Erstmal-wird-geputzt-die-Steuererklaerung-kann-auch-noch-bis-morgen-warten-oder-bis-naechste-Woche.jpg,http://www.n-tv.de/politik/Lieber-prekaer-arbeiten-als-Geld-vom-Staat-article2438651.html,"\"Hans-Olaf Henkel zur Agenda 2010 : \"\"Lieber prekär arbeiten als Geld vom Staat\"\" Politik Immer mehr Jobs sind schlecht bezahlt - etwa in der Reinigungsbranche. Dienstag, 25. Januar 2011 Hans-Olaf Henkel zur Agenda 2010: \"\"Lieber prekär arbeiten als Geld vom Staat\"\" Ulrich Schneider , Chef des Paritätischen Wohlfahrtsverbandes, und Klaus Ernst , Vorsitzender der Linken, haben ihr Fazit zur Agenda 2010 bereits gezogen. Nun ist Ex-BDI-Präsident Hans-Olaf Henkel an der Reihe. Im Interview mit n-tv.de zieht er sein Fazit. Und sagt, was sich dringend ändern muss. n-tv.de: Wie hat die Agenda 2010 Deutschland verändert? Hans-Olaf Henkel: Sie hat gezeigt, dass Reformen nur dann Erfolg beim Arbeitsmarkt haben, wenn sie zunächst unpopulär sind. Hans-Olaf Henkel, Ex-BDI-Präsident und Berater der Bank of America. (Foto: picture alliance / dpa) Die stabile Wirtschaftslage in Deutschland: Muss Gerhard Schröder Danke gesagt werden? Nein, vergessen wir nicht, dass er bereits fünf Jahre vorher im Amt war und alle Versuche der Experten, ihn zu derartigen Reformen zu ermuntern, über Jahre erfolglos waren. Erst, als es offenkundig wurde, dass es mit der Arbeitslosigkeit bergauf und mit Deutschland bergab ging, hat er die Agenda 2010 in Angriff genommen. Die Umfragen für seine Regierung waren vor dem Zeitpunkt verheerend. Ich empfand die Agenda 2010 damals als eine verzweifelte Flucht nach vorn und nicht als eine Demonstration von Mut. Das ist erst hinterher hineininterpretiert worden. Übrigens, hätte er den Mut gehabt, es früher zu machen, hätte er die Früchte dieser Reform selbst ernten können und wäre wohl wiedergewählt worden. Leiharbeit und prekäre Beschäftigung haben massiv zugenommen: Wie sollte dem begegnet werden? Leiharbeit ist die Folge eines viel zu blockierten Arbeitsmarktes. Der deutsche Kündigungsschutz beschützt angeblich die Arbeitenden, in Wirklichkeit versündigt er sich an den Arbeitslosen und indirekt auch wieder an denen, die noch Arbeit haben. Bei schwankender Auslastung muss der Unternehmer oft zur Leiharbeit greifen, weil er nicht weiß, ob er einen Neuangestellten wirklich nachhaltig beschäftigen kann. Hätten wir einen lockereren Kündigungsschutz, gäbe es automatisch mehr fest Beschäftigte und weniger Leiharbeiter. Was die \"\"prekäre\"\" Beschäftigung betrifft, so liegt hier der Fall ähnlich. In den Bruttoarbeitskosten sind die deutschen Arbeitsplätze für Geringqualifizierte viel zu teuer. Prekär werden sie erst durch die hohen Abgaben, für beide, Arbeitgeber und Arbeitnehmer. Im Übrigen wäre mir persönlich eine \"\"prekäre Arbeit\"\" lieber, als, vom Staat bezahlt, nichts zu tun zu haben. Viele Menschen aus der Mittelschicht haben Angst vor dem Abrutschen in Hartz IV: Was entgegnen Sie? Hartz IV ist eine Sozialleistung, die die Gemeinschaft der Beschäftigten für andere erbringt. Sie verhindert, dass Menschen bei uns in objektiver – nicht immer auch in relativer – Armut leben. Der beste Weg, da herauszukommen, ist für den Einzelnen, sich ständig weiterzubilden. Es gibt eine überzeugende Korrelation: je höher die Bildung, desto weniger das Risiko, zum Hartz IV-Empfänger zu werden. Vor allem müsste der Staat dazu übergehen, jede politische Entscheidung daraufhin zu überprüfen, ob sie Arbeitsplätze schafft oder nicht. Wenn \"\"ja\"\", soll er sie treffen, wenn \"\"nein\"\", soll er es sein lassen. Leider vernichten viele der gut gemeinten Verbesserungen der Sozialleistungen immer auch Arbeitsplätze. Die Prioritäten sind falsch: nicht Hartz IV verbessern, sondern dafür sorgen, dass immer weniger darauf angewiesen sind. Was stünde auf Ihrer Agenda 2011? Neben den oben erwähnten Vorschlägen zu einer Lockerung des Kündigungsschutzes beunruhigen mich am meisten die Vorschläge zur \"\"Rettung des Euro\"\". Wir laufen von einer Währungsunion in eine Transferunion, und das bedeutet, dass die Verantwortung der Staatsschulden im Euroraum vergemeinschaftet wird. Wir werden dann mitverantwortlich für die Sozialleistungen, die Politiker in anderen Euroländern verteilen und umgekehrt. Es entsteht ein System perfekt organisierter Verantwortungslosigkeit. Ich war sehr für den Euro, habe aber meine Meinung geändert, weil die Politik alle Versprechungen, die sie bei seiner Einführung gab, gebrochen hat. Wir brauchen eine Zweiteilung des Euro, der die offensichtlichen kulturellen und wirtschaftlichen Unterschiede in Süd- und in Nordeuropa reflektiert. Mehr zum Thema \"",2529,false
2531,DieGruenen,17,0,buecher.de,,Superfood to go,"Superfoods sind die nährstoffreichsten Lebensmittel der Welt. Man findet sie im eigenen Garten in Form von Beeren, Nüssen oder Roter Rübe, im Wald und auf der Wiese als leckere Aroniabeeren, Maulbeeren oder Brennnesseln, im Supermarkt als Granatapfel, Ingwer und Artischocke oder beim Spezialisten als Matcha, Chia-Samen oder Maca-Wurzel.",,http://bilder.buecher.de/produkte/40/40892/40892362z.jpg,http://www.buecher.de/shop/diaeten--bewusste-ernaehrung/superfood-to-go/goschler-ulli-burtscher-pap-isabella/products_products/detail/prod_id/40892362/,"Jetzt bewerten Superfoods sind die nährstoffreichsten Lebensmittel der Welt. Man findet sie im eigenen Garten in Form von Beeren, Nüssen oder Roter Rübe, im Wald und auf der Wiese als leckere Aroniabeeren, Maulbeeren oder Brennnesseln, im Supermarkt als Granatapfel, Ingwer und Artischocke oder beim Spezialisten als Matcha, Chia-Samen oder Maca-Wurzel. Sie alle überzeugen mit einem hohen Anteil an Vitaminen, Mineralstoffen und Antioxidanzien. Die beiden Autorinnen haben rund 40 heimische und exotische Superfoods durchleuchtet: Was wirkt stärker gegen Schmerzen als so manche Tablette? Was wirkt wie ein …mehr",2531,false
2538,DieGruenen,17,0,welt.de,DIE WELT,Es bleibt eine ewige Schande der deutschen Justiz,"Es macht wenig Sinn, einem 93-Jahre alten Mann den Prozess zu machen. Wie will man die Beihilfe zum Mord in 300.000 Fällen ahnden? Wichtig ist die Erinnerung an das Versagen des Rechtswesens nach 1945.",article,http://img.welt.de/img/henryk-m-broder/crop139892501/5526938663-ci3x2l-w900/GERMANY-TRIAL-HOLOCAUST-NAZI-GROENING.jpg,http://www.welt.de/debatte/henryk-m-broder/article139892503/Es-bleibt-eine-ewige-Schande-der-deutschen-Justiz.html,"\"Von Henryk M. Broder Henryk M. Broder Biografie und alle Artikel des Autors Reporter Foto: AFP Der ehemalige SS-Mann Oskar Gröning vor dem Gerichtsgebäude in Lüneburg am 21. April 2015 Ein 93 Jahre alter ehemaliger SS-Mann steht in Lüneburg vor Gericht. Er wird der Beihilfe zum Mord in 300.000 Fällen angeklagt. Im Falle eines Schuldspruchs droht ihm eine Freiheitsstrafe von mindestens drei Jahren – sollte er für haftfähig erklärt werden. Der Mann ist geständig. Er sagt: \"\"Für mich steht außer Frage, dass ich mich moralisch mitschuldig gemacht habe.\"\" Die Frage, warum einem, der in Auschwitz Dienst getan und die Wertsachen der Ermordeten eingesammelt hat, erst 70 Jahre nach dem Ende der NS-Zeit der Prozess gemacht wird, wird nicht verhandelt. Man könnte sagen: Manchmal dauert es eben etwas länger, bis der Gerechtigkeit Genüge getan wird, oder: Besser spät als nie. Der Prozess basiert zum einen auf der Tatsache, dass die Verjährung für Mord im Jahre 1979 aufgehoben wurde, nachdem die Frist vorher zweimal, 1965 und 1969, verlängert worden war. Zum anderen gibt es offenbar in Teilen der deutschen Justiz den Wunsch, dort durchzugreifen und Recht vor Gnade ergehen zu lassen, wo es weitgehend sinnlos ist, zum Beispiel bei Verbrechen, die so lange zurückliegen, dass der oder die Täter eher Mitleid als Entsetzen hervorrufen. Der wahre Sinn des Verfahrens Tat und Strafverfolgung sollten in einem zeitlichen Zusammenhang stehen, nicht nur den Opfern zuliebe, sondern auch damit der Täter angemessen büßen kann. Wie will man einen Täter für seine Mitwirkung am Tod von 300.000 Menschen bestrafen, dessen Lebenserwartung vermutlich nicht ausreichen wird, ihm die ganze Urteilsbegründung vorzulesen? Und falls unser Rechtssystem tatsächlich der Resozialisierung des Täters und nicht der Rache dienen soll – der Angeklagte hat sich seit 1945 nichts zuschulden kommen lassen. Er ist perfekt resozialisiert. Der einzige Sinn des Verfahrens liegt in der Erinnerung daran, dass die Justiz wenig getan hat, NS-Täter zu verfolgen, als dies noch möglich war. Kein einziger Richter ist für seine Beteiligung an den Terrorurteilen der NS-Justiz zur Verantwortung gezogen worden. Sogar die Beisitzer an Roland Freislers Volksgerichtshof kamen ungestraft davon. Wenn man wissen will, wie die Nachkriegsjustiz gearbeitet hat, muss man an den \"\" Mord am Bullenhuser Damm\"\" erinnern. Das Verfahren gegen einen SS-Obersturmführer, der 18 Tage vor Kriegsende geholfen hatte, 20 jüdische Kinder im Keller einer Hamburger Schule an Heizungsrohren aufzuhängen, wurde 1967 aus \"\"Mangel an Beweisen\"\" eingestellt. In der Begründung der Staatsanwaltschaft hieß es, den Kindern sei \"\"über die Vernichtung ihres Lebens hinaus kein weiteres Übel zugefügt worden\"\". Das ist die bleibende Schande der deutschen Justiz, die kein später Aktionismus aus der Welt schaffen kann. © WeltN24 GmbH 2016. Alle Rechte vorbehalten \"",2538,false
2544,DieGruenen,17,0,youtube.com,YouTube,Solar FREAKIN' Roadways!,Solar Roadways has entered into the Indiegogo InDemand program: https://www.indiegogo.com/projects/solar-roadways/x/7168247 Video by Michael Naphan Check out...,video,https://i.ytimg.com/vi/qlTA3rnpgzU/maxresdefault.jpg,https://www.youtube.com/watch?v=qlTA3rnpgzU,,2544,false
5579,AfD,17,2,t-online.de,www.t-online.de,Flüchtlinge: Australien fordert Europa zu totaler Abschottung auf,Unter Ministerpräsident Tony Abbott hat  Australien die Einwanderung illegaler Bootsflüchtlinge vollständig gestoppt. Mit harter Hand. Darauf ist Abbott stolz.,article,http://bilder.t-online.de/b/73/72/12/62/id_73721262/tid_da/dieses-fluechtlingsboot-wurde-2013-vom-australischen-militaer-nach-indonesien-zurueckgeschickt-.jpg,http://www.t-online.de/nachrichten/panorama/id_73719932/fluechtlinge-australien-fordert-europa-zu-totaler-abschottung-auf.html,"\"Sie sind hier: Home > Nachrichten > Panorama > Flüchtlinge: Australien fordert Europa zu totaler Abschottung auf ... t-online.de ist ein Angebot der Ströer Content Group Illegale Bootsflüchtlinge   Australien fordert Europa zu totaler Abschottung auf 22.04.2015, 14:27 Uhr | t-online.de, AFP, AP Dieses Flüchtlingsboot wurde 2013 vom australischen Militär nach Indonesien zurückgeschickt. (Quelle:  Reuters) Redaktion Unter Ministerpräsident Tony Abbott hat Australien die Einwanderung illegaler Bootsflüchtlinge vollständig gestoppt. Mit harter Hand. Darauf ist Abbott stolz. So stolz, dass er nach dem Tod von womöglich 900 Flüchtlingen im Mittelmeer die EU dazu drängt, sein \"\"Erfolgsmodell\"\" zu übernehmen und strengere Grenzkontrollen einzuführen - Menschenrechtler laufen Sturm. Mehr zum Thema Merkel kündigt Kurswechsel an: In Libyen warten laut de Maizière eine Million Flüchtlinge Der jüngste Vorfall im Mittelmeer sei eine \"\"schreckliche, schreckliche Tragödie\"\", erklärte der australische Regierungschef. Damit sich so etwas nicht wiederhole, sollte Europa dem Beispiel Australiens folgen. Unter dem Motto \"\"Stop the boats\"\" (Stoppt die Boote) startete Abbott nach seinem Wahlsieg 2013 ein rigoroses Programm gegen Flüchtlinge, die über den Seeweg kommen. Seitdem kreuzen ständig Militärschiffe vor Australiens Küsten, die Flüchtlingsboote abfangen und ausnahmslos zurückschicken. UMFRAGE Sollte Europa das australische Flüchtlings-Modell übernehmen? Nein, das Vorgehen ist unmenschlich. Ja, es ist effektiv. Zwischenergebnis Flüchtlingslager in Partner-Nationen Die Statistik spricht Bände: Laut des Nachrichtenmagazins \"\"Spiegel\"\" hat es 2014 und 2015 kein einziges Boot mit illegalen Einwanderern nach Australien geschafft. Noch 2013 gelangten demnach 20.000 Flüchtlinge ins Land, vorwiegend aus Afghanistan , dem Iran und Sri Lanka . Die Migranten werden in der Regel nach Indonesien zurückgeschickt, von wo die meisten die Überfahrt wagen. Auch in Seenot geratene Flüchtlinge haben keine Chance auf Asyl. Sie werden entweder in Rettungsboote gesteckt und ebenfalls zurückgeschickt oder an Bord genommen und anschließend in speziell eingerichtete Lager gebracht - natürlich nicht auf australischem Boden. Dafür hat Canberra eigens Partner an Land gezogen, wie etwa die Pazifiknationen Nauru und Papua-Neuguinea, die dafür mit Geld entschädigt werden. Australien erkauft sich die weiße Weste. Kapitän von Flüchtlingsschiff wird festgenommen Schiff mit bis zu 900 Menschen an Bord war im Mittelmeer gesunken. Video Bislang ist EU-Staaten die Abschiebung illegaler Flüchtlinge verboten. Italien wurde 2012 vom Europäischen Gerichtshof für Menschenrechte verurteilt, weil es Einwanderer zurück nach Libyen geschickt hat. Menschenrechtler üben scharfe Kritik Zudem steht Abbotts Politik der totalen Abschottung im Verdacht, gegen das Menschenrecht zu verstoßen. So haben etwa die Vereinten Nationen (UN) Abbotts konservativer Regierung vorgeworfen, die Antifolter-Konventionen der UN zu verletzen, indem sie die Flüchtlinge in besagte Lager bringe. Nachrichten des Tages Forscher finden Opal in einem Meteoriten. mehr Vor allem die Tatsache, dass auch Kinder unter unangemessenen Bedingungen interniert würden, stößt den Vereinten Nationen übel auf.  Abbotts Regierung erfülle \"\"grundlegende Standards nicht“, indem sie \"\"Menschen auf unbestimmte Zeit unter fürchterlichen Umständen auf einer fernen Insel wegsperrt\"\", sagte Daniel Webb vom Australischen Menschenrechtszentrum vor einigen Wochen. Abbott reagierte verschnupft auf die Anschuldigungen. \"\"Wir haben die Boote gestoppt und damit das Sterben auf dem Meer beendet“, ließ der Regierungschef verlauten. Schilderungen von Zeugen zeichnen jedoch ein anderes, unmenschliches Bild. So berichtet etwa ein ehemaliger Soldat der australischen Marine gegenüber \"\"Spiegel\"\" von aufgedunsenen Körpern im Wasser und kilometerlangen Leichenketten. Strässer fordert legale Fluchtwege nach Europa Nicht zuletzt deswegen hält auch der Menschenrechtsbeauftragte der Bundesregierung, Christoph Strässer ( SPD ), Australiens Modell nicht für eine Blaupause, die in der EU Anwendung finden könnte. Er fordert vielmehr das genaue Gegenteil: die Schaffung legaler Fluchtwege aus den Krisenregionen nach Europa. \"\"Die europäische Politik der Abschottung muss aufhören\"\", sagte Strässer im ARD-\"\"Morgenmagazin\"\". Er forderte eine Diskussion darüber, \"\"dass wir in den Auslandsvertretungen der EU Möglichkeiten schaffen, Papiere auszustellen, damit die Leute nach Europa kommen und dort ihre Verfahren betreiben\"\". Darauf hätten die Flüchtlinge einen Anspruch, sagte der SPD-Politiker, \"\"und da müssen wir die Wege für schaffen\"\". Das sei die kurzfristige \"\"Kernaufgabe\"\" angesichts der Flüchtlingstragödien im Mittelmeer. Solange es keine legalen Möglichkeiten für die Flüchtlinge aus den Krisenregionen gebe, sich mit Schlepperbanden zu organisieren. Bei dem jüngsten Drama vor der libyschen Küste am Sonntag sind nach UN-Angaben vom Dienstag etwa 800 Menschen ertrunken. Die EU-Außen- und Innenminister hatten als Konsequenz am Montag in Luxemburg einen Zehn-Punkte-Plan beschlossen, der unter anderem eine Ausweitung der Seenotrettung und die Zerstörung von Schlepperbooten vorsieht. Für Donnerstag wurde ein EU-Sondergipfel zur Flüchtlingspolitik einberufen. \"",5579,true
5580,AfD,17,1,welt.de,DIE WELT,Amerika gießt Öl ins ukrainische Feuer,"Die USA entsenden Soldaten in die Westukraine. Das kann eine lebensgefährliche Eskalationsspirale in Gang setzen. Die Kanzlerin muss hart bleiben: keine Waffen, keine Soldaten.",article,http://img.welt.de/img/kommentare/crop139787048/9596935130-ci3x2l-w900/U-S-Troops-Cross-Czech-Republic-In-Operation-Atlantic-Resolve-Exercises.jpg,http://www.welt.de/debatte/kommentare/article139787051/Amerika-giesst-Oel-ins-ukrainische-Feuer.html,"\"Von Michael Stürmer Michael Stürmer Biografie und alle Artikel des Autors Foto: Getty Images Parade amerikanischer Militäreinheiten in Prag Ende März 2015 – die Aktion \"\"Dragoon Ride\"\" sollte die osteuropäischen Nato-Verbündeten beruhigen Vor drei Tagen meldete das US Army Command, es sollten 300 Soldaten der 173. Luftlandebrigade aus Italien in die Westukraine verlegt werden – Operation \"\"Furchtloser Hüter\"\". Sie sollen dort der ukrainischen Nationalgarde taktischen Nachhilfeunterricht geben, Anfang einer auf je sechs Monate angelegten Rotation. In ähnlicher Mission sind bisher schon, wenngleich sehr viel weniger, Kanadier und Briten unterwegs. \"\"Nicht-lethal\"\" soll die Hilfe sein, welche die Amerikaner leisten – wobei der Unterschied zwischen tödlicher Waffenwirkung, man denke an Artillerie-Radar, und technischer Assistenz Sache der Definition ist. Es ist daran zu erinnern, dass das Minsk-II-Abkommen, in das die Kanzlerin viel politisches Kapital investierte, noch gilt, Besseres nicht in Sicht steht und danach der Sprung ins Dunkle kommt. Wer vergisst, dass die Eskalation nach oben offen ist und als Ultima Ratio Nuklearwaffen im Spiel sind – die russische Militärdoktrin wertet sie als erweiterte Artillerie, und neuerdings reden russische Generale entsprechend –, der muss wissen, dass ein Ernstfall droht, den sich niemand aus der heutigen Generation von Politikern auch nur entfernt vorstellen kann. Im Westen wird das Nukleare verdrängt – damit aber ist es nicht aus der Welt. Weg in eine Vorkriegszeit \"\"Wladimir Putin gibt dem Westen die Schuld\"\" Was aus Sicht amerikanischer Militärstäbe aussehen mag wie maßgenaue Stabilisierung der Lage Richtung Ostukraine und die von Moskau alimentierten Separatisten, nimmt sich in Sicht des Kreml aus wie die Bestätigung wildester Einkreisungsängste und Unterstellungen, was amerikanische Strategie betrifft. Der Weg in eine Vorkriegszeit war noch immer, und so auch jetzt, mit Missverständnissen gepflastert. Heute geht es, anders als in den Spätphasen des Kalten Krieges, nicht um stabile Konfrontation und eingeübtes Konfliktmanagement . Das ist vorbei und kommt so bald nicht wieder. Zu groß das Misstrauen, zu tief die Überzeugungen, auf der einen Seite Demokratie und Völkerrecht, auf der anderen die Klage, dass mit dem Einsturz der Sowjetunion Mütterchen Russland um sein Erbe gebracht wurde. Es werden stattdessen, ähnlich wie vor fünf Jahrzehnten in der Doppelkrise um Berlin und Kuba, die Regeln des Umgangs zwischen den nuklearen Weltmächten im freien Experiment neu erfunden. Das kann, wie damals, lebensgefährlich werden. Die Entsendung westlicher Berater ist scheinbar kontrollierbarer Einstieg, vorerst. Es mangelt dabei nicht nur am strategischen Konzept. Es ist auch an Clausewitz zu erinnern, der warnte: \"\"In so gefährlichen Dingen, wie der Krieg eins ist, sind die Irrtümer, die aus Gutmütigkeit entstehen, gerade die schlimmsten.\"\" Die Kanzlerin muss hart bleiben: keine Waffen, keine Soldaten. \"\"Putin kontrolliert den Krieg der Rebellen\"\" Moskau soll die Rebellen im Osten der Ukraine immer noch mit Waffen versorgen. Frank-Walter Steinmeier hat die EU-Außenminister eingeladen, um zu beraten, wie erneute Kämpfe verhindert werden können. Quelle: N24 © WeltN24 GmbH 2016. Alle Rechte vorbehalten \"",5580,true
