d242fdc9-772b-4d97-94bb-dabdec22ebe7	Kitchen	iCooker® Amazing Happy Birthday Candles + FREE Internal Battery - Pink Flower - Best Music Singing Cake Candle for Kids - Cool Magical Sparklers for Children Birthday Party
05d4b845-1772-4f02-8dcc-b0ef4c1e06f8	Kitchen	Norpro 3080 Mini Measuring Spoons, 5 Piece Set
b848c565-1a0b-4810-9dfc-9a537cfedcbf	Jewelry	Accessory Accomplice Silvertone Guardian Angel Engraved Prayer Charm Bangle Bracelet
ae56ebfe-0abf-4a55-88fc-d838b834d4ae	Kitchen	Hamilton Beach 64650 6-Speed Classic Stand Mixer, Stainless Steel
1646a66b-4a17-4a88-86fc-d051047c0a60	Jewelry	"CHEEK JEWELRY 16g Internally Threaded Labret Post LONG - Price Per 1- 16g~1.2mm 19mm~3/4"""
4d849800-f3ef-4cfd-a12f-283ddf60f658	Jewelry	Punk Christmas Jewelry Gift Accessories Gothic Black Leather Choker Heart Chain Spike Rivet Buckle
3f6ee1b3-6b07-414b-9cb2-7517fa291300	Jewelry	Demarkt Fashion Elegant Cute Lady Girls Blue Flower Crystal Ear Stud Earrings by Lemonc
91a2f113-daee-4a7a-ab34-a92b7d09f0bc	Jewelry	Adjustable Snake and Cuban Link Body Chain with Earrings Jewelry Set (22-J151-XMJR)
58ded8c4-fed8-4f3a-a6e7-ad6229a3d69b	Jewelry	Pair (2) Wild Abalone Shell Inlay Ear Plugs Stainless Steel Screw Fit Stash Gauges - 0G 8MM
a85b1a5c-b30f-4251-bedd-7c6eebc00961	Kitchen	Periodic BeEr 16oz Pint Beer Glass
9873538d-d347-4476-976c-c7c9038c31a8	Jewelry	Stainless Steel Rounded Hoops Earrings (50mm Diameter)
07058385-de95-4456-adb8-efa70f44de6f	Kitchen	Microplane 40020 Classic Zester/grater
abc0216b-c7cc-4435-8355-a5016c4d19c5	Jewelry	SilberDream Charm Zirconia Cross crystal blue 925 Sterling Silver Pendant Lobster Clasp FC204B
b88b4e1f-064f-444d-8ce1-70a3ca272536	Kitchen	Rubbermaid Pan Organizer, Cookware Rack, Black
2fcabc7e-ba02-4519-aa47-624ce3939d86	Jewelry	10k White Gold Diamond Band Oval Aquamarine Engagement Ring
40a4744f-fa55-490f-a115-f9adefcf1243	Jewelry	Niceroker Fashion the Lord of the Rings Elf Princess Evening Star Silver Necklace
74a1fd67-30d1-4f36-bd0a-845c65ac72bb	Jewelry	Gold-Plated or Stainless Steel Omega Chain Necklace (6 mm)
be29ab4d-6bd4-4c57-aa3e-4f5d0ae48dad	Kitchen	Kitchenaid Mezzaluna and Sheath, Black
86bd9545-60b4-4aee-8b76-1522fe2851aa	Kitchen	AdnArt Water Bottle With Fruit Infuser and Lid, 20 Ounce
648bd04d-33c7-4aa0-a930-b869877c41cf	Kitchen	Epica Powerful Stainless Steel Whisper-quiet Citrus Juicer-70 Watt motor
1ec890c5-3cf5-40fa-8269-f08b9598b6c9	Jewelry	"100 White Sterling Silver Earring Display Cards Puff 1.5"" x 1.75"""
5c243374-a211-4fea-b6ae-1cf6a2b3a70e	Jewelry	"HinsonGayle AAA GEM 10-10.5mm Round Freshwater Cultured Single Pearl Solitaire Necklace Silver, 18"""
b5a45c1d-0012-427f-9ae4-45e474817607	Kitchen	Fruit Infused Water Bottle - Premium Tritan Material - BPA Free – Add Your Favorite Fruit to Enjoy Great Taste and Health Benefits - Flavored Water At Its Best – Get This Cool Flavor Infuser Today and Receive a 30 Day Love It Guarantee!
c93b5303-9f8d-47d7-bf06-ebed29783970	Jewelry	Sterling Silver Cushion Checkerboard Cut Gemstone Pendant Necklace (8mm)
0852e47c-d35f-4a5b-8745-9150b5bc4ff4	Kitchen	NEW! KEURIG Vue V600 Single Serve Cup Coffee Brewing System w/ 10 Sample Cups
32f5d10e-79a8-4c3e-a1e2-fc8becc3aa63	Jewelry	BodyJ4You Taper Kit with Plugs Double O-rings 14G-00G Stretching Kit 36 Pieces
5eaeecbc-eab9-4259-bb3d-787aaa302a86	Kitchen	Bottle Opener - Set Of 3 Wooden Bartender Bottle Openers by Trendy Bartender&trade In Gift Box;, Soft Handle Openers for Opening Beer, Cider, Soft Drinks and more
01f74619-4b1a-4597-b71a-dd8b23557fe2	Kitchen	HAMILTON BEACH 31104 / HB Countertop Oven Black
75e260c3-8f6e-49b5-a938-cc77539757ce	Kitchen	"MoiChef 7"" Professional Chef's Ceramic Knife (Black Mirror Finish) with White Sheath in Gift Box"
f2ee0a94-e8c5-4792-8b34-1d89ec6974bc	Jewelry	"Sterling Silver Elephant Necklace, 18"""
ac4b5d90-10e8-4f4f-ba14-84dc5596c5f8	Jewelry	Silvertone Scorpion Adjustable Finger Ring and Slave Hand Chain Bracelet One Size Fits All (F-265)
729d0bad-c5a0-4527-a8e1-f1b5360e0a41	Kitchen	California Home Goods Brushed Stainless Steel Salt and Pepper Grinder with Adjustable Ceramic Rotor for Spices, Set of 2
30a86aff-0853-445a-9fe4-4fe5b3ffb2c6	Jewelry	"Tribal Earrings - ""Serpent"" - Bone - Organic - Detailed Snake Design - By Primal Distro"
1e544e10-435e-4ac8-8f71-20a77f29a319	Kitchen	Corelle Livingware Country Cottage 18-Piece Dinnerware Set, Service for 6
d3a3902c-1d7c-403b-be04-d2b4977ad488	Jewelry	Portal 2 Inter-Spatial Earrings
eff8339f-1241-4d9f-880c-24a4b8fab713	Jewelry	Sterling Silver CZ Wedding Band Anniversary Ring
58ecb5b4-505b-4039-b693-193602b1f2d3	Kitchen	Kitchen Shears By Iron Gadget, Enjoy a Multifunction Heavy Duty Come-apart Kitchen Scissors with Soft Rubber Grips, Along with a Magmatic Fridge Holster
2448896b-0fb9-4ff4-86d1-34bd22cfc83a	Kitchen	Tovolo Silicone Better Batter Tool
e862b1ca-b05c-40e8-ae6e-cbf69c496088	Jewelry	BodyJ4You 24PCS Tapers and Plugs 00G-20mm Surgical Steel Gauges Kit Stretching Set
c5e35075-f603-4836-a661-ac058f53a408	Jewelry	"Locket Pendant Necklace Charm 1.5"" Engraved Flowers Heart Shape + 28 Inch Chain"
f9e651bb-c0b6-4c66-a519-8ddec7b1242c	Kitchen	Lodge L8SGP3ASHH41B Cast Iron Square Grill Pan with Red Silicone Hot Handle Holder, Pre-Seasoned, 10.5-inch
77dea662-ab6d-470f-8ee8-54d5d4f4cf8a	Jewelry	Unisex Rose Gold Overlay Solid Silver Princess Cubic Zirconia Square White Cz Stud Earrings.
b444528f-6ccb-47ea-a715-b3e5f09d8336	Jewelry	HisJewelsCreations Baroque Crystal Filigree Pendant Necklace
7f95d3f7-c7ac-48b2-9b9c-f19de2c05da5	Jewelry	MBOX Brand Hand Carved Tibetan Buddhist Prayer Bracelet Mala
4c4f713e-c6c4-43d3-a86f-641e474e9681	Kitchen	Cole & Mason Derwent Precision Gourmet Pepper Mill
38661088-cda4-40cb-9194-4a83e48f6e8b	Kitchen	Jacob Bromwell Original St. Joseph Flat Shredders, Set of 2
a6bb8001-beca-4faf-a089-5d281c0fdb29	Kitchen	BUILT NY Essential Neoprene Big Dot Tote
acccab8c-0e03-4f3f-9fcf-ca8ea592bbb4	Kitchen	CounterArt Birds and Bugs Round Absorbent Coasters in Wooden Holder, Set of 4
1bb383aa-237f-4d5e-a77b-0e5ba401580b	Kitchen	Set of 4 - Porcelain Corn Dish / Ceramic Corn on the Cob Plate, White
aeff2093-48b7-4792-a0fd-9a568f4e4f2b	Kitchen	Black & Decker CO85 Spacemaker Can Opener, White
38d22f54-ad69-43c9-80e7-b61458b74806	Jewelry	16Gx5/16(1.2x8MM) Light Green NEON Anodized over 316L Surgical Steel Curved Barbell with 3MM Ball Eyebrow jewelry
d19c5ad6-6ac5-4152-85a1-fcd64d22dd78	Kitchen	Set of 2 - 32 Oz. (Ounce) Large Clear Squeeze Bottle, Condiment Squeeze Bottle, Open-Tip, Wide Screw-On Spout, Polyethylene Durable Plastic, Diner Style
8b68e9fb-0949-428b-8e07-de3f1eaf9ac7	Kitchen	Good Cook Microwave Bacon and Meat Grill Plate
4afb5841-1740-4a93-87c7-15bf5e16bb55	Kitchen	Isosteel Va-9346k 1.3 Liter 44 Fl. Oz 18/8 Polished Stainless Steel Tableline Double-walled Vacuum Carafe with Flap Lid, Dishwasher Safe
ef979f4e-2f2f-41b1-8499-79a6a7db6919	Jewelry	Pair of 2 Captive Rings: 12g 1/2 Inch Surgical Steel Captive Bead Hoop CBR Earrings, 5 mm Balls
aba76ebd-ebcf-4572-bc5d-6b31c9648770	Jewelry	Vintage Collar Punk Goth Emo Heart Leather Choker Necklace
83889d18-5d42-473a-9224-88b56083e871	Kitchen	[24 Pack] Ipow Silicone Baking Cups Cupcake Bakeware Liners Case Molds Sets
121b52cf-9aa4-4193-8bb4-f404889c45ec	Kitchen	Wilton Party/Treat Bags
ed529f77-b0c2-4cbb-8328-e986bc8d9f31	Kitchen	Cuisinart DFP-14BCN 14-Cup Food Processor, Brushed Stainless Steel DISCONTINUED BY MANUFACTURER
c57dc5ea-c3bc-4804-9930-8dc62ba17ec9	Jewelry	Pair Gold Ribbon Pyrex Glass Twists 1/2 inch 13mm
61e37f16-4a97-42d1-a7d0-00d67f32c2d6	Kitchen	Kitchen Tongs and Cooking Utensils, Red Silicone Stainless Steel Tongs with Unique Stand, Pack of 2 (9 Inch and 12 Inch)
006843a1-1269-4c0a-8528-46dbf0bc7d45	Jewelry	Freshwater Cultured White, Dyed Peach, and Dyed Peacock Black Pearl and Cubic Zirconia with Sterling Silver Jacket Stud Earrings, 3-Pair Set (8mm)
bf9e2e4d-b754-4815-b94e-20cf8d48bd84	Kitchen	Under Armour Dominate 24 Ounce Vacuum Insulated Stainless Steel Bottle with Flip Top Lid
417ac3b9-2c51-45fb-abad-40eebff2da27	Kitchen	Black French Press Coffee Maker Set. Stainless Steel Bag Clip Scoop. Stainless Steel Mesh Replacement Screen Plus Coffee Connoisseur Cookbook e-version . Black Coffee Press Pot for no Ground Guarantee
08bb0486-00ef-41c7-9455-35f74533a81b	Jewelry	Alex and Ani Women's Nile Beaded Expandable Bangle Shiny Silver Bracelet
bdc1ba83-b804-4899-9a8f-0d38d9c7551e	Kitchen	Bialetti Moka Express Stovetop Percolator
7e8331aa-24ae-4a07-9025-d4d9032b9e14	Kitchen	Le Creuset Butter Dish - Cherry
0316627d-94e5-4861-a5f8-b0c466e52fc6	Kitchen	Norpro Stainless Steel Cheese Slicer
f9904b8f-90ec-40e7-b306-88e495a1245a	Kitchen	Arrow Home Products 00750 H2O on the Go Beverage Bottle, 2.2 L, Clear
b149f4fb-7dce-43ba-bbb5-fd430fc2137a	Kitchen	Zyliss 3-in-1 Folding Grater
937ade8d-9066-451b-9564-abccf02fd0ab	Kitchen	Lillian Rose True Love Cupcake Wraps, White, Set of 12
1cafbe86-69ef-4347-a307-50c6daae1c5a	Jewelry	Pug Adjustable Wire Bangle Bracelet
ba4b297e-d05f-482c-8b5d-ff22677e3c0d	Jewelry	Leather and Stainless Steel Magnetic-Clasp Bracelet
fa7afb0f-ab84-4f25-a0ab-6f5088b16956	Kitchen	iPerfect Lifestyle Infuser Water Bottle - Made with Commercial Grade Tritan - Recipe Ebook INCLUDED
3251384b-c0f6-4665-8bb7-b1c7fb675369	Jewelry	Alex and Ani Armenian Cross Charm Bangle Rafaelian Silver Finish Bracelet, A09EB208RS
7614e007-b58c-452a-bc04-ee5a7dc46b99	Jewelry	Solid 10k Yellow Gold Diamond Cut Band Toe Ring
b0279e96-43f4-4d78-9d6c-2cadebd4c2d4	Kitchen	Crepe Paper Streamers
6a017d6e-ac66-4a07-a6fc-36103e5bf104	Kitchen	Brita Replacement Water Filter for Pitchers
a9baa1a2-e6f8-438b-a072-4c70c83523eb	Kitchen	Haier 1.6 Cubic Feet Microwave, 1100-Watt, White
c642e7c7-ed0b-4f6f-b950-2eff102ebd87	Kitchen	CopperGifts Workshop Mini Tiny Fish Cookie Cutter
bdf127cb-abc6-431b-83a2-4d16e2630e91	Jewelry	"Alex and Ani Bangle Bar Imitation Birthstone Bangle Bracelet, 7.75"""
c003f836-6f43-4e74-ac74-59c3ac000c69	Jewelry	Smitco LLC Silver Plated Open Heart Necklace and Earrings Jewelry Sets for Women, Mom or Teen Girls
b135eabd-01e8-433e-92aa-d19d612a10e8	Kitchen	Emsa Eleganza Insulated Carafes
50088cca-d9a7-4387-85ed-e8a88e54ee50	Jewelry	Stainless Steel Two Tone Circle Round Silver Pentagram Pentacle Star Pendant Necklace with Ball Chain
2ff59077-3893-4bec-8751-27346df40bbe	Kitchen	Ateco Plain Edge Cutters, Stainless Steel, 6 Pc Set
1c8a53d4-a21b-4ed2-b9ff-0ef9f80fca1e	Kitchen	Bachelorette Party Kit & Bride To Be Accessory Pack - 6 shot glass lanyards, pins, & tiaras plus 1 Sash
4750c8da-6ed6-430c-8549-c379aad60fc8	Kitchen	8-Count Round Paper Dessert Plates, Tutu Much Fun
81af181d-0181-454e-a61f-22342934aa93	Kitchen	CoffeeSock ColdBrew Filter - GOTS Certified Organic Cotton Reusable Coffee Filter
1ab82219-e349-4c60-a318-d5790975927f	Jewelry	Fit&Wit Resin Rhinestone Crystal Statement Fashion Necklace
ca7c5fc9-6341-4b8d-b4ca-8439c6f2a0a0	Kitchen	White Paper Doilies
33c16eae-4369-4f70-b35b-585c5e614244	Jewelry	Joyplancraft Galaxy Necklace Hollow Out Crescent with Blue Purple Star Galactic Cosmic Moon Charm Necklace Wedding Necklace
88a793e1-35fe-4589-a0e7-c2d26c5672ca	Kitchen	Big Mouth Toys Gun Themed Items
986cc550-bb1a-45af-abee-4a687742e794	Kitchen	Xcellent Global Reusable Coffee Filter Set for Keurig, My K-cup style, Filter Housing + 3 extra filters, Fits B30 B40 B50 B60 B70 Series, Gray M-HG068
9c272525-3001-4bba-9a20-67fddd538db5	Jewelry	"Italian Sterling Silver Lotus Flower Locket Necklace, 18"""
963a91fe-8d00-4817-b437-558ff47d8cd6	Jewelry	Vince Camuto Diamond Prong Stud Earrings
a38908a9-802e-47e1-b835-adf1c5ed7268	Jewelry	Natural Blue Topaz 925 Sterling Silver Ring
990a94cc-6622-45be-85d1-e2fa4cae4a6d	Kitchen	Cook N Home 12-Piece Stainless Steel Cookware Set
c5986af2-192a-4d2d-9323-aceee89ec8f6	Kitchen	George Foreman GRP4EMB Multi-Plate Evolve Grill, (Grilling Plates, Deep-Dish Bake Pan, and Muffin Pan Included), Black
b826c9ad-fd6b-4089-a6c3-d399975098d6	Jewelry	Loyallove Mens Titanium Steel Cross Evil Sword Pendant
759582a3-e186-44d4-ad23-02962da21635	Kitchen	Yunko Bows Queen Crown Heart Candy Mold Silicone Chocolate Fondant Mold Cake Decoration
8bf4c82b-7839-4e67-a5eb-7ac47c6393ea	Kitchen	TableCraft H35BK Free Flow Pourers, Black, 12-Pack
fc3d3772-29ab-46eb-9c52-937472842dcd	Jewelry	"Urban Jewelry Leather Vintage Earth Brown and Blond Beaded Bracelet, 8.5"""
54f00426-6464-4411-8ceb-885170ab7f18	Jewelry	MoAndy Jewelry Leather Mens Bracelet Double Layers Warp Skull Head Braided Wristband Black
d00cded1-2b8e-4bea-9e21-871d98e59750	Kitchen	ZYLISS Lock N' Lift Can Opener with Lid Lifter Magnet
073cbf68-99c0-4c8c-b9f4-d71cf235a145	Kitchen	"Jute Bag - Eco Friendly, Natural Jute/Burlap - Go Green Apple Design - 16.50""L x 13.50""H x 3.50""W"
b145dd83-3d4e-470d-b858-9bbed5a4312c	Jewelry	Sterling Silver Garnet Butterfly Earrings (1.70 CT)
0a5b020c-b39f-4dc9-a6af-babaa52050ff	Jewelry	BodyJ4You 5 Piece Stainless Steel Assorted Colors Belly Bar Button Ring Pack
c1162993-0b8a-4a65-898e-51fb32095ade	Kitchen	Wilton 2115-0226 Crown Candy Mold
7c99d270-2fbe-43d1-bd5a-984c2cf1dcff	Jewelry	Inviktus Silver Birds Tree Jewelry Stand Display Earring Necklace Holder Organizer Rack Tower
e262520e-b7f1-4b3c-b0a1-5edb74436bcf	Jewelry	Swiss Blue Topaz Pendant Necklace Sterling Silver 3.00 Carats Heart Shape
8f4864ae-16b5-48c2-a1fe-b9eb45356185	Kitchen	Scodon Veggie Slicer. Make Healthy Veggie Noodles and Veggie Pasta out of Zucchini, Potatoes, Cucumbers and Carrots with this compact Spiral Vegetable Slicer.
69a18d6b-1085-4a5d-b54b-d00c9832b14b	Jewelry	Napier Metal Attraction Gold-Tone Orbital Hoop Earrings
d1d99dd7-4832-473d-b0ae-75eb8e7a7dc8	Jewelry	Sterling Silver Palm Tree Beach European Style Bead Charm
f774b965-56f7-4bcc-84f0-82e90a2fb0e0	Kitchen	Magnetic Wooden Knife Bar Holder Strip, Cherry or Walnut, 12, 16, 20, or 24 Inch
7e0814b4-db64-49db-a25f-3444313026d3	Jewelry	1pc Natural Healing Crystal Blue Turquoise Chip Gemstone 7 Inch Stretch Bracelet
1c548a9e-4336-4fe4-87a3-e41c934045b9	Kitchen	Oroszlán Füst, Herb Grinder, 4 Piece, 2.5 Inch, with Pollen Catcher and Scraper, Black
d268debf-e394-4ecf-a424-b3426816b73e	Kitchen	Multi-purpose Colorful Metal Clips Holders - Office/Clothes/Baby Diaper Metal Peg/Clips/Pins Hanging Clips Hooks - assorted colors ( 30 Pack )
f0485faf-6f63-4440-a89d-f820917253f1	Jewelry	HinsonGayle 4-Strand Handwoven Gemstone & Freshwater Cultured Pearl Necklace
6d0b86d3-b31e-4464-a7d0-56be6795b451	Kitchen	Bormioli Rocco Gelo 2-Piece Glass Pitcher Set with Lids
8f294f09-a124-4f04-a148-653ef81d3e40	Kitchen	Old Dutch Solid Copper Moscow Mule Mug
fc3a5eee-dfa1-490d-927d-7cac38fcd564	Kitchen	Aeropress Coffee and Espresso Maker
cc9062e5-c304-4224-bcab-8ccc85902255	Kitchen	"Culina Bamboo in-Drawer Knife Tray w/ Handle Rest Wedge 18""x9""x2.5"""
39b6c3ff-a1e8-42ad-a436-86211c211a46	Jewelry	HUAN XUN European Fashion Stainless Steel Chain Bracelet with Butterfly Charm
363b50f7-03f8-456c-a6ef-770a3d04f4fb	Kitchen	CHEFS Round Pizza Stone, 16.5 inch
cb55e7d9-9c72-4e73-ae79-9b424a30735e	Jewelry	Sterling Silver Hawaiian Turtle Eternity Ring
f8ec46b9-b7af-4ceb-ac54-5c476b3e2170	Kitchen	Kegconnection Kegerator Beer Line Cleaning Kit
e300f3b3-8b79-45e5-8984-b7964eb97f2c	Kitchen	1 X Cast Aluminum Shrimp Deveiner and Cleaner
a1f49ee8-fb39-4f7f-8aec-ae1e6dae2075	Jewelry	Silver Diamond Sideways Cross Pendant Necklace (1/10 cttw, I-J Color, I2-I3 Clarity)
00f78ed1-4ffc-4dca-b455-b6ec16316c9b	Jewelry	niceeshop(TM) Moustache Mustache Earrings (1 Pair,Black)+Mustache Necklace
7f93f472-6270-4dc8-9404-1b083e5f2deb	Kitchen	Jokari Hands-Free Baggy Rack Storage Bag Holder
b660bbe1-f8ff-4d72-9b44-f1bb5a0ea9fa	Jewelry	JewelrieShop Vintage Retro Colorful Crystal Owl Pendant Long Chain Necklace with Antiqued Bronze Finish
e8de845e-8096-4b72-9540-7ed17a4893d9	Kitchen	BELLA 13930 One Scoop One Cup Coffee Maker, Black
fc88573b-15c7-4a69-bc18-6f4ebd378a59	Jewelry	Hip Hop 14K Gold Plated Removeable Mouth Grillz Set (Top & Bottom) Rows Of Bling (Iced)
117ee5a6-4322-4831-b65b-1934aed5d84e	Kitchen	Tea Infuser Leaf Strainer Handle with Steel Ball Silicone Leaf Lid (Green) By Xcellent Global
e9888f30-5f32-4e88-90aa-40cdc8573f78	Jewelry	Silver Polishing Cloth
259ea8a6-a833-4066-98f7-657d64337979	Jewelry	Sterling Silver 1.2mm Sparkle Chain Necklace
a4523d12-e377-4fe1-a738-1d450cd68b0b	Kitchen	Dakshcraft - Perfect Gift for Christmas - Copper Moscow Mule Mugs With Four Copper Hammered Coaster(Capacity - 500 ml / 16.90 oz), Set of 4
8d18e85c-efc6-407c-a904-21c0e0cca1e8	Jewelry	Womens Pink Haven Camo Ring ON SALE NOW, 6mm comfort fit Pink Camo Rings, Camo Wedding Rings for Women LIFETIME WARRANTY
6afa7512-b724-4038-868a-0b047323904a	Kitchen	Lucentee Silly Ice Cube Trays Candy Molds, Building Bricks and Figures with Bonus Ebook
0548535b-647b-4c66-bc37-4ccba97ab9f9	Kitchen	Norpro Silicone Mini Pinch Bowls, 4 Piece Set
e3d5e6fb-916a-4643-a535-26307342ea00	Jewelry	King Will TYRE Men's 8mm Black Tungsten Carbide Ring Domed Matte Finish Groove Wedding Band
0fbf579b-819d-4938-9b9b-92a8d0fbc29d	Kitchen	Time Timer Original 3 inch, 8 inch, and 12 inch; 60 Minute Visual Analog Timer; Optional (On/Off) Alert; Silent Operation (No Ticking); Time Management Tool
e10548dc-9cd2-42ff-a920-df356f811703	Kitchen	LunchBots Bento Trio LARGE All Stainless 3 Section Food Container For Adults and Children
44146a3b-e1b3-49bf-a164-ee8128e83bad	Kitchen	T-fal Excite Nonstick Thermo-Spot Dishwasher Safe / Oven Safe PFOA Free Fry / Saute Pan Cookware
fdb73f2c-5895-46f9-af08-29ff529ef2cd	Kitchen	Wilton 411-1989 Coupler Set
496f25f0-ab7b-4293-b1ab-ecb7d5062e53	Jewelry	INBLUE Men,Women's Alloy Genuine Leather Bracelet Bangle Rope Black Silver Tone Brown Purple Braided
500d42bc-4f6b-4147-92f4-bb62a8704634	Jewelry	"Eudora Harmony Ball Musical Family Tree Unborn Baby Gift Pendant Angel Caller Ball with 45"" Necklace"
a52f133f-baee-4086-9ecd-154efaa53191	Kitchen	VonShef Professional 250 Watt Hand Mixer – Includes - 2x Beaters, 2x Dough Hooks and a Balloon Whisk + 5 Speed With Turbo Button
e959a959-699d-4c19-a9f1-95b46b653ce6	Jewelry	2.15 Carat Amethyst and Diamond Antique Pendant in .925 Sterling Silver
2411d934-9c7c-4329-a385-3d7dd91ee49e	Jewelry	Titanium 6mm High Polish Dome Wedding Band Ring
cadba32e-0e93-40e0-acf1-7b2fba0d3edc	Kitchen	Cuisinart PSC-350 3-1/2-Quart Programmable Slow Cooker
c8705e7f-2ed1-40c0-ad2a-df121b42073d	Jewelry	So Chic Jewels - Ladies 925 Sterling Silver Oval Pink Cameo Ring
76748390-31bc-4c3e-aafc-fe28cf5ac313	Jewelry	Mens 14K Yellow Gold, 4.0mm Traditional Dome Oval Ring with Milgrain
aab5f389-94c5-4541-bb41-bff749a462b5	Jewelry	Betsey Johnson Women's Gifting Hostess French Bulldog Mirror Keychain Black/White Key Chain One Size
32266950-0f5b-4ddf-bcf3-9650d893a052	Kitchen	Takeya Airtight Pitcher, 2-Quart
af472065-bd76-41bd-b9ba-cacf2c22a401	Jewelry	925 Sterling Silver Greek Key Blue Glass Two-Sided Evil Eye Pendant Necklace
4d7c760f-ee93-4f73-b985-53863fe362b6	Kitchen	Thermos 34 Ounce Vacuum Insulated Stainless Steel Beverage Bottle with Folding Handle
dc4071c7-0a60-4df0-9711-a5eebbce2503	Jewelry	STR-0010 Stainless Steel Two Tone Black IP with Grooved Rose Band Ring; Comes With Free Gift Box
7d354a69-f812-417b-9a8f-f566fbaa4ad5	Jewelry	Adajio by Sienna Sky Cranberry Red Vine Etched Oval Bead Drop Earrings 7524
1b34faaf-53bb-4303-a2ed-69311347ce93	Jewelry	Trendy Turquoise Drop Dangle Earrings
07e696c1-a2df-4b5c-9e49-2d386792db63	Jewelry	Sterling Silver Celtic Design Oval Dangle Earrings
721c0391-de37-4ddd-85bb-073f6ee3afdf	Jewelry	Stainless Steel 8mm Plain Comfort Fit Wedding Band Ring
7450831d-f4ff-4317-9cba-70160317f9a2	Jewelry	Dan's Jewelers Gothic Pentagram Inverted Cross Necklace Pendant, Fine Pewter Jewelry
7543b930-5f54-40a2-9e5f-2b9ae51ebc00	Jewelry	"Sterling Silver Created White Sapphire and Oval Gemstone Pendant Necklace, 18"""
f2bbcbc6-3ca4-44ca-b020-8357629d4d2a	Kitchen	Cuisinart DLC-1 Mini-Prep Food Processors
c4ee0c95-b0d3-4c8b-889e-54711e95ef9a	Jewelry	3 Pairs Color Dyed Freshwater Cultured cultured-freshwater pearl Stud Earrings Set
db41fb76-81d0-4236-aeee-40d13416649e	Jewelry	Petalite Crystal Wire Wrapped Pendant in Sterling By Puppylove
838e9d18-e46b-44b1-afff-acd83cfa731c	Kitchen	Cuisinart Chef's Classic Stainless Steel
b502df7d-25f3-4b35-9c85-24b4a52f62fc	Jewelry	Diesel Men's Leather Cuff Bracelet
1817d5d3-79e7-4ce2-a7fb-b8dfbeaf7402	Kitchen	Ball Frozen Herb Starters
95a147b7-a527-49a6-a79d-45a31c0806a1	Kitchen	Rachael Ray Cucina Dinnerware
85d528f6-2dc3-4caa-a701-6a49dece983e	Kitchen	Top Grade Purple Clay Red Dragon Tea Pot Zi Sha Teapot Gift Pot
781d378f-c74d-4b18-b555-6c3ac3c103d0	Kitchen	Prepworks from Progressive International Set of Mini Colanders, Blue, Green and Red
80cb9994-5da7-48fc-83a8-6a8a94c7ac46	Kitchen	Capresso Froth TEC Automatic Milk Frother
c89946ae-7f6d-4780-b9ee-8239fdc613d4	Jewelry	316L Surgical Steel 14G Clear Crystal Silver Color Tree of Life Dangle Navel Ring Belly Bar Button
77f32aaa-2748-46b3-9e61-7c5c91282014	Jewelry	"Faux Leather and 3 Leafs Western Long Strand Necklace, 30"""
492980ba-40e0-4a8a-9c5d-0919c714c403	Kitchen	"I'm A Mom, What's Your SuperPower?"" 12oz Coffee Mug Great Gift for Mother"
bfb9bcd8-f722-47fd-9ab2-064b2e91a5f4	Kitchen	Polar Ice Jello Durable Plastic Shot Glasses, 2-Ounce, Translucent (Pack of 125)
2424385f-42c3-4e91-b5c3-b02c97bcc455	Kitchen	Pro-Mart DAZZ Over-the-Door Pantry Organizer
2eb2988f-452b-483a-8d0d-078acd6ed4f5	Kitchen	OXO Good Grips Natural Bristle Vegetable Brush
dccb5873-de9e-4f8b-bb39-a130e52c2d84	Jewelry	"Jewelry Monster ""2015"" for Floating Charm Lockets"
7b80c41c-97de-4e56-9cb7-78ab00313a71	Jewelry	Sterling Silver Sky Flower Stud Earrings
0b6e77da-fe55-4518-9779-aceb64e16acc	Jewelry	"Masonic Square & Compass Two-Tone Dog Tag Pendant 2.5mm 24"" Box Chain Necklace"
3d81dafc-fe8f-498c-82eb-ebc3bab37314	Kitchen	Contigo AUTOSEAL West Loop Vacuum Insulated Stainless Steel Travel Mug with Easy-Clean Lid
c027e9fa-a0a9-477f-a427-c829e4e493c6	Kitchen	Palais 'Rooster' High Quality Clear Glass Canister with Bail & Trigger Locking Lids
46053454-22ed-4c16-982d-1bc3ee05ee9a	Jewelry	Sterling Silver and 14k Yellow Gold Freshwater Cultured Pearl Diamond Earrings (5.0-5.5 mm)
13d0b400-5ba5-430e-84df-41d9052dd3af	Kitchen	Large Crepe Pan 10 Inch Nonstick Coating and Bakelite Handle - Easy pancakes omelette fried eggs tortilla pancake pita bread Cookware - Best Crepes Pan Rounded Base durable
13e55729-f53e-4503-b9c9-4052fc671016	Kitchen	Zojirushi MIZUNO Thermal Stainless Cool Bottle 1.03 liter ( 34.8 oz. ) | SD-AM10-BA (Japan Import)
461e2a16-a887-493a-b2fb-9e60155f7d42	Jewelry	Jiayiqi Fashion Jewelry Womens Bohemia Folk Style Multiple Turquoise Earrings
05a5af7d-10cf-45a8-8d20-9c9086c6f93a	Kitchen	CR Gibson QP-12 Small Recipe Book Pocket Page Refill 20 sheets
93c0a1c8-76d6-4206-a42f-02109ccdfb17	Kitchen	KitchenAid K45B Coated Flat Beater for 4.5-Qt. Tilt-Head Stand Mixers
6d77398e-6fee-47d5-99a4-0e075b5c52be	Kitchen	BLACK+DECKER FusionBlade Digital Blender with 6-Cup Glass Jar, Black/Stainless, BL1820SG-P
33014228-2329-48a0-8362-ac2c5d39be0d	Jewelry	Sterling Silver Round Cut Cubic Zirconia Stud Earrings
e8ae94b2-8270-4f7a-bdd8-909b54a7e1d2	Jewelry	"Large 2.25"" St Olga Russian Orthodox Baptismal Cross Cord Necklace Fleur De Lis, 36"" Museum Style Jewelry"
3e698594-ffef-4f2d-8c2a-60a4d1e48ae3	Kitchen	Set of 6 Large Sized BPA-Free Double-Wall Travel To-go Mugs with Comfort Grip
6e8e0088-29c6-4e96-9748-86d9573f61e0	Jewelry	Elove Jewelry Tungsten Carbide Steel Lord Rings
e6374c58-c115-4481-843e-c4a06ed49f2f	Kitchen	Disney Pixar Inside Out Lunch Bag
ae900eda-7f3c-4db9-97f7-caaebd912439	Jewelry	KONOV Stainless Steel Link Biker Men's Bracelet, 9 inch, Color Silver
e66f2ce3-401d-41af-aae1-bc5814ed5fbf	Kitchen	Set of 2 Large Pop-Up Mesh Screen Food Cover Tents - Keep Out Flies, Bugs, Mosquitos - Reusable - Colors May Vary (ASSORTED, 1)
db33a98a-75bc-4a2d-9e32-1494146d9c0c	Kitchen	FoodSaver FM2100-000 Vacuum Sealing System
712146d9-9856-4718-a96a-abae65eff2c0	Jewelry	316L Surgical Steel Ear Cartilage Piercing Jewelry Cross 16G
237b5556-7a4e-475c-bd78-2c0143574c74	Kitchen	1 X Lady And Wolf Attractives Salt Pepper Shaker Made of Ceramic
bb441cb9-5e26-4129-87c5-7e32b0e8e356	Jewelry	2.00 Carat Total Weight Cubic Zirconia 925 Sterling Silver Gold Plated Overlay Stud Earrings
3cbcd2e6-0b34-4289-b074-2f49c21d957d	Jewelry	Sweetiee Ring Micro Pave Cubic Zirconia Rose Gold Plated Criss Cross Finger Ring,16mm
7a5aa74c-5f5f-41e1-a472-4b98c83e12eb	Jewelry	INBLUE Men's Stainless Steel Pendant Necklace Naked Girl Skull in Mirror -With 23 Inch Chain
f48c11f9-5ee4-4024-848a-a6922e56fac1	Kitchen	The Mexican Kitchen by Rick Bayless  4 quart Round Dutch Oven with Lid
f974f538-30a9-4ade-bfd8-42684f2dab32	Jewelry	King Will BASIC Men Wedding Black Tungsten Ring 8mm Matte Finish Beveled Polished Edge Comfort Fit
a94fd319-30c8-4f80-81bf-f01060e1b526	Jewelry	Lanyjewelry Designer Style 316 Stainless Steel Plain Women's Fashion Ring
e0d6fe24-9555-4973-b8ea-2ea473af2cec	Jewelry	YAZILIND Lolita Black Braided Fabric Lace Choker Beads Tassel Chain Necklace 14in
b8427ae7-3624-4fac-9bfa-a17deafeda45	Kitchen	FoodSaver GameSaver 44 Bags - Quart Size 8 x 11
7dad04bd-3829-43b2-aa1b-06ebaac1236e	Jewelry	Platinum-Plated Sterling Silver Round-Cut  Swarovski Zirconia Stud Earrings (2 cttw), also Available in Sets
19928547-7f22-4ed0-8604-375b7e58cf8a	Jewelry	"EIGA Mother's Day Gift ""I Love You To The Moon and Back"" Two-Piece Pendant Necklace"
9fa8ffc4-39ce-40df-a048-18fd2999097f	Kitchen	Universal Housewares Pre-Seasoned Cast Iron 15 Inch Skillet
8fd596ec-666a-48df-98cc-385519074202	Jewelry	316L Stainless Steel Aqua Light Blue Cubic Zirconia CZ Eternity Wedding 3MM Band Ring
32513713-9d38-4a93-99fd-7ba92490913c	Jewelry	D.M. Merchandising Animal Crystal Pendant Necklace with Gift Box Dolphin
8e1f5e36-3828-4527-8b1a-a2e47e777688	Jewelry	NYKKOLA New Fashion Jewelry Classic Big Hoop 925 Solid Silver Earrings
0179d6a4-bc4d-486c-9201-74560fc9e7cd	Kitchen	Lipper International 12-Inch Cherry Salad Servers
75b83544-9707-46db-b913-3f8310f16a34	Kitchen	Paragon Sno-Cone Dipper #13175
a9179fe3-2f76-4087-85b8-a3a734ff2bad	Jewelry	BodyJ4You 24 Pieces Magnetic Fake Plug Lot Fake Gauges, Magnetic Logo 2G Gauges Look (12 Pairs)
0f786dd9-c158-47e6-bd79-7b6c0592d085	Kitchen	DB-Tech Bamboo Wood Compact Foldable Bread Slicer
2e3f3840-1f65-4c4e-95d4-02e717ab48ab	Jewelry	Disney Stainless Steel Patterned Crystal Bead Charm
0002d381-c52a-42a7-9734-362403d3faf5	Jewelry	CHOOSE YOUR COLOR Sterling Silver Sideways Cross Ring
fe8a653e-658f-4b9e-bcf3-38aa891f2cbb	Jewelry	Glow in the Dark Fox Fur Nebula Galaxy Necklace Vintage Bronze 25mm Space Charm W/uv Flashlight
e20f038d-ac1c-49d1-a087-061874e18179	Kitchen	BF Systems KTFLFNL6 Maxam 6 Piece Stainless Steel Flask Funnel Set, Large
b947171d-b61e-4741-bdfa-a00ab4ee0a5a	Jewelry	His & Hers Matching Set Titanium Stainless Steel Couple Pendant Necklace Korean Love Style with a Lucky Bean
742d194b-8c06-41ba-b589-bd947e76542e	Kitchen	Keurig K550 Coffee Maker Single Serve 2.0 Brewing System with Top Needle Cleaning Maintenance Accessory and My K-Cup Reusable Coffee Filter, Platinum
423062c7-037e-437b-8fbe-83b273ed61c9	Kitchen	Oster TSSTTRWF4S 4-Slice Toaster
ba5cc40c-3549-47f2-b660-36fbbe0bf841	Kitchen	PanSaver Slow Cooker Liners with a Sure Fit Band, 4 Count
566baf6d-2933-4d2e-bda4-23d52968e9e1	Kitchen	Nesco LSS-2-6 Fruit Roll Sheets for Dehydrators FD-28JX/FD-37/FD-60/FD-61/FD-61WHC/FD75A and FD-75PR, Set of 2
7f9c8778-8a7b-4b04-994b-30ec67c7e6a9	Kitchen	Pyrex 8 Piece Smart Essentials
32e1d9f6-1651-4571-981a-300f69f0401b	Kitchen	OXO Good Grips Cutting Board
0aee6b03-c0b3-433b-ae44-f51b4fc99f04	Kitchen	Kitchen Basics Heavy Duty Stainless Steel 5 Blade Herb Scissor - Snip Fresh Herbs Quickly and Neatly
2735b8b4-c8ad-4f70-b98e-e27c5b4adb81	Jewelry	Swarovski Lightning Tennis Bracelet : Clear & Rhodium : 1075080
d20e6708-caaf-42c9-af63-573a901a725e	Jewelry	Men's Fashion Jewelry Ring, Premium Grade High Quality Stainless Steel Clear Cubic Zirconia CZ, by Classy Not Trashy®
91d87ad0-01fa-4a7d-aaf6-85f2f305b14c	Kitchen	Tabakh Non-Stick 4-Plates Racks Idly Stand, 16 Idlis
4804ff18-3a09-4caf-99f8-b8774c0f75d6	Jewelry	50.00 Ct. Unheated!! Natural Rough Blue, Green, Yellow, Black Star Sapphire Africa
902bd205-c283-4d84-a9b8-06a70163b01a	Jewelry	Full Moon Ring Gothic Twilight Universe Galaxy Space Astronomy Moonchild Victorian Ring
847398a9-f780-48a0-811d-87d617146eab	Jewelry	Yazilind Women's Ring with Round Cut Big Stone Lemon-Yellow Cubic Zirconia CZ US Size 8
0a49102c-b35f-47b4-a8fc-4f64b21d5b1e	Jewelry	Angelica Collection Antique Finish Brass December Simulated Blue-Topaz Expandable Bangle
61b23818-a9e7-4980-967f-a5eabc71db1e	Kitchen	Excellante Julep Strainer
7a81c3f1-f264-4b23-bbff-bc232fca77ee	Kitchen	T-Sac Tea Filter Bags, Disposable Tea Infuser, Number 1-Size, 1-Cup Capacity, Set of 100
bec4cac0-ec29-4fb0-9da1-10dbf6f2c9f8	Kitchen	niceEshop(TM) Premium Zinc Alloy Herb Grinder 4 Piece for Tobaccos and Spices with Sifter Pollen Catcher and Magnetic Top
9aee70b1-5ad5-4f0c-843f-f2837d8c4ebe	Jewelry	"Sterling Silver 1mm Box Chain Necklace, 14"" - 36"""
58e1a6e6-b5c1-4d34-977d-5f94e14a4108	Kitchen	Grad Cap Card Box (Blue) Party Accessory (1 Count) (1/pkg)
d3079cf3-145e-4fa6-971c-7c5ef1fd480f	Jewelry	"Fluorite Crystal Wand (2""+) - 1pc."
5a5c3662-1217-4f6c-8910-9fcfc862bac1	Kitchen	Silicone Rolling Pin, Set of 4, 9 Inches; Cylinder 4 Inches Long
ae826340-52a9-4477-8aa2-7bcf16b11836	Kitchen	Winco PPL-3R Cleaning Bucket, 3-Quart, Red Sanitizing Solution
d839a4b0-a4a8-4d76-ab15-24283d28c515	Kitchen	Trudeau Working Glass Bowl with Lid
4f23f3ef-8e24-4e01-a263-a3f17a460ace	Jewelry	Genuine 13mm Tibetan Buddhist Red Tiger Eye Prayer Beads Wrist Meditation
19bf96e0-6886-4138-b5f9-45b627e79499	Kitchen	RSVP Endurance Stainless Steel 10 Inch
a4b97145-72cf-499e-9eda-2c70a3b9f1e7	Jewelry	Dan's Jewelers Fibonacci Fractal Oval Spiral Pendant Necklace + Silver plated Clasp, Fine Pewter Jewelry
87914c40-ce7d-4514-afba-bc4ef220ccf9	Kitchen	"Silicone Baking Mat - 2 Pack Set By Sassano - Non Stick US 1/2 Size 16 1/2"" X 11 5/8"""
bf2a6e1f-b854-471f-bf55-922318b87388	Kitchen	FOUR-C Baking Tools Labyrinth Textured Rolling Pin Fondant Tools Color Transparent
bc82ae8d-afff-4680-8a6a-64d76a6c6159	Kitchen	Soma Sustainable Pitcher & Plant-Based Water Filter
9ebb03b9-a0bd-428c-b383-22aa5e6cb0c9	Kitchen	Elegance Golden Vine Hammered Stainless Steel Oval Tray, 15.25 by 5.75-Inch, Silver/Gold
5333d39a-8981-4cae-be7b-1a4d21836f7a	Jewelry	Jstyle Jewelry Stainless Steel Mens Womens Ball Stud Earrings 6 Pairs 2-7mm
e1cad440-64a2-4e8b-9fbb-688cec6de659	Jewelry	Pugster Emerald Green Swarovski Elements Crystal Irish Claddagh Friendship & Love Celtic Bead Fits Pandora Charms Bracelet
2c534c07-03a7-4e79-aa94-bea04ca28d1d	Jewelry	Sterling Silver Hammered Disc Drop Earrings
e404f4d1-b2d3-45a0-b236-f3e09d61baee	Jewelry	London Blue Topaz Cathedral Ring Sterling Silver Rhodium Nickel Finish 1.50 Carats Sizes 5 to 9
3981253e-9ddc-4fd5-a858-3164e1e8a335	Kitchen	Hamilton Beach 12-Cup Coffee Maker with Glass Carafe, Ensemble Red (43253RA)
15010421-e8d6-48a3-b491-b19899962dbe	Kitchen	Ouddy Stainless Steel Corkscrew Wine Opener
b51649ea-6344-4448-ae2a-1d15b4e9d592	Kitchen	STK Keurig Reusable K Cup 3 Count for Keurig Classic Brewers K55, K145, K40, K155, K150
bd8893dc-5a56-4ea8-a58b-959407b7dba1	Jewelry	Yellow Gold over Sterling Silver Byzantine Bracelet (7.5 Inch)
3e1e8828-a7e5-42b1-baa9-e41ef3cc9e35	Jewelry	Sterling Silver Round Diamond in Heart Pendant (1/10 cttw)
f7fea5e1-e353-48d0-b758-0476cd3e46f7	Kitchen	Oversized Extra Large Giant Beer Glass - 53oz - Holds up to 4 Bottles of Beers
4e65c2c9-f721-4a75-978f-df3044ff9079	Kitchen	CreativeWare Bark Beverage Dispenser
8ab0a216-f845-4960-810c-0ffa74cd5466	Kitchen	Chef Made Easy Ceramic Knife Set 9 Piece – Best Global Kitchen Knives with Case (Knife Sheaths) – Add to Collection of Cutlery Kitchen Utensils – Use As Bread, Vegetable and Chef Knife – (Black Set)
bff3fa3d-e90f-4be3-8070-977290b68c1f	Jewelry	"1.25"" Stunning Stainless Steel Yellow Gold Plated Hoop Earrings (30mm Diameter)"
b7402bbd-fb11-4ec1-9b78-d8ff05b12da9	Jewelry	Sterling Silver Amethyst  Cushion with Diamond Ring , Earrings &  Pendant Necklace Box Set,
94e62c51-70ac-4609-ac4f-3be6b4beb4d4	Jewelry	Casoty Jewelry Star Trek Cufflinks Starfleet Command Cufflinks in Gift Box
c4069d29-ee43-4b42-bfa8-5566dacd327c	Kitchen	Mr. Coffee 12-Cup Programmable Coffee Maker with Thermal Carafe Option, Chrome
fcf8b024-1106-44e9-a59b-5b58c2096c69	Jewelry	Everbling XO Knot with Red and Clear Austrian Crystal 925 Sterling Silver Bead Fits Pandora Charm Bracelet
c9200d45-70b7-4c41-8d20-7669a2d408f9	Kitchen	Hamilton Beach 12-Cup Digital Coffee Maker, Stainless Steel (46201)
2fc7f1c5-383f-4a88-9198-7122062876d0	Kitchen	Gourmet Basics by Mikasa Countryside 2-Tier Flat-Back Metal Basket, Antique Black
79acd531-34d9-4b21-9d41-212b2db873cf	Jewelry	SusenstoneDouble Ball Chain Women Chain Anklet Bracelet Sandal Beach Foot Jewelry
203ebfea-d1ba-4485-ac7e-ced71f181b7e	Jewelry	ELLE Jewelry Twisted Sterling Silver Hoop Earrings
30efe693-bc50-4849-b1d9-9deacc362faa	Kitchen	The MESH: Premium Filter for AeroPress Coffee Makers by ALTURA + FREE eBOOK with Recipes, Tips, and More – Stainless Steel, Washable & Reusable. Lifetime 100% Guarantee
5474aaf1-e09e-4525-9dad-73fb07f73e8a	Kitchen	LAPAZ MARGARITA LITER, CS 12/LTR G, 03-0242 LA PAZ PRODUCTS, INC. COCKTAIL MIX
34e83287-922b-400a-ad12-7afef843e832	Kitchen	Savvy Infusion Water Bottles - 24 or 32 Ounce - Featuring Unique Leak-Proof Sealed Cap w/ Handle - Includes Bonus Recipe Ebook (Ships to you in either our original packaging or new updated packaging)
daf1003c-206d-42d4-912f-9c83b1a48f2f	Jewelry	Sterling Silver Chrome Diopside Ring, Size 6
ca605337-32be-4a70-a849-17809d038100	Jewelry	CM Sterling Silver Charm Pendant 747 Jet Airplane Comes with a Split Ring
94bbd12d-1669-43fd-a79f-b30e5ac36a61	Jewelry	Lux Accessories Gold Black Beaded Stretch Heart Valentine Charm Bracelet Set (2 PC)
087c98af-f9fb-4fb1-9840-9ac4944cc30b	Jewelry	Lucky Brand Gold Layered Necklace
5f565f02-7657-4f91-bfe6-cc8855c9f847	Kitchen	Sango Buckingham #3680 Fruit Bowls
4574c9db-2668-48cf-9cdd-7bcd9ec8a60c	Jewelry	Albanian National Country Flag Dog Tag Bottle Opener
51d527f7-0b06-422b-89eb-3c254b077666	Kitchen	Misto Frosted Glass Bottle Oil Sprayer
52ec54b2-8380-409f-9e0b-62fc819fc4a4	Jewelry	14k White Gold 2mm .75 Inch (20mm) Basic Pincatch Hoop Earrings (GO-599)
f08f4761-5ee0-41f7-a265-1942b3073587	Jewelry	14k White Gold Ball Earrings Children/Adult Size 2, 3, 4, 5, 6, 7, 8 MM
148f8054-0a5a-46c6-bfb7-3dc3d6c4a8b8	Jewelry	Father and Daughter Sympathy Necklace for Men or Women
423e85b8-a5d1-4398-97ba-65f3fca380f5	Jewelry	14k Yellow Gold Ball Stud Earrings pushback 3 4 5 6 7 8 10 12 14 MM
2475e851-99d5-45df-83f5-ab7c1cc8ea0e	Kitchen	Englewood Marketing Group TR-2 Add-A-Trays for Gardenmaster Food Dehydrator, 2-Pack
ccaab34d-e935-4a33-8217-f9cabb7e4e7e	Jewelry	Queenberry Clear Aurora Borealis Swarovski Elements Crystal Sterling Silver Leverback Dangle Earrings
1fc9e893-ba92-4202-b21e-22043f44b05b	Kitchen	BlizeTec Poultry Shears: Multipurpose One-Hand Function Kitchen Scissors with Safety Lock
6f662fa8-14c7-4c6b-9704-c19a8d3c9f9f	Kitchen	"Pro Quality Nut Milk Bag - Big 12""X12"" Commercial Grade - Reusable Almond Milk Bag & All Purpose Food Strainer - Fine Mesh Nylon Cheesecloth & Cold Brew Coffee Filter - Free Recipes & Videos"
074ed296-e1f6-4182-8b24-a6c7c061d617	Kitchen	New Chef Remi Cooking Thermometer Now with Backlight - Lifetime Replacement Warranty - Instant Read - Best Digital Thermometer for Turkey, Meat, Oven, Oil, Grill, Smoker, BBQ, Kitchen, Candy and Food
3d1618bf-3c4e-4383-86b3-1a8d3b77ee3f	Kitchen	PackIt Freezable Lunch Bag
898ef8ed-555c-4aeb-aa58-adf1fee57d7f	Kitchen	New Chef Remi Cooking Thermometer Now with Backlight - Lifetime Replacement Warranty - Instant Read - Best Digital Thermometer for Turkey, Meat, Oven, Oil, Grill, Smoker, BBQ, Kitchen, Candy and Food
d99965b6-1639-46d8-9cde-0685acc3ecd2	Jewelry	Freshwater Cultured Pearl Drop Earrings Sterling Silver Leverbacks 8mm
2b040a47-01a9-4a25-a71b-f859cc950521	Kitchen	Secura 9100MC 1800W Portable Induction Cooktop Countertop Burner,Black
d7a69cb9-89a5-4132-b091-82a6028285de	Kitchen	Proctor Silex 33116Y Portable Oval Slow Cooker, 1.5-Quart
1c4e1d81-c470-44be-9ef8-35ed32f44ec7	Jewelry	HSG Hot Sale Waterdrop Pendant Necklace Earrings Women White Jewelry Set for Wedding
ee3fe3c4-d7b4-4066-b8f8-5a500da17ff4	Jewelry	Sterling Silver Created Ruby and Created White Sapphire Drop Earrings
6198ff4f-ee0d-40e2-8baf-bfbc7e629bdc	Jewelry	Pugster Antique Shopping Bag Heart Love To Shop Purple Birthstone Crystal Charm Beads Fit Pandora Bracelet
d3824977-79aa-4599-8a90-6be4b2470436	Kitchen	Handy Gourmet Set Of 3 Pop Up Food Covers -
70517fb6-5f21-4a0e-81a3-ec113de8e178	Jewelry	Clear Black Acrylic Barbell Tongue Ring
df68482d-3e7d-47fb-9d1f-8623dfde6de0	Jewelry	Hindu Symbol Silver Pewter Charm Necklace Pendant Jewelry
6e537c43-5ce6-4fcc-aa5b-deb29a977df7	Kitchen	Tulip Beer Glass Set by TrueBeer.com
c402a82b-3981-4670-b317-a62c4846076e	Jewelry	"100% Nickel Free! Handcuff Anklet, Girlprops' Exclusive, USA! 9"" Length, in Silver Tone"
89dad089-5bd1-4030-8e0e-a4fe84456e70	Jewelry	Plain 3MM Collar Choker .925 Sterling Silver Necklace
eb4a435d-a3b8-4a22-a1cf-e39a6f31830e	Jewelry	Ayala Bar Jewelry, Classic Fashion Earrings, Jacaranda Color Group, Fall-Winter Collection - E1091
fc0e9586-4bf5-4901-9370-778ed685a484	Jewelry	Ladies Sterling Silver Criss Cross 'X' Ring with Cubic Zirconia Stones (7L-XA3L-G01P)
f1693c70-bac5-40e3-b15d-3ed82bdf8c36	Kitchen	Thermos Stainless Steel King 40 Ounce Beverage Bottle
69ed91a7-b1e4-44e9-932e-9b61d82af558	Kitchen	Pyrex Prepware 2-Cup Measuring Cup, Red Graphics, Clear
c73ef05a-9ee3-4139-afce-4b7a7e9b16d3	Jewelry	INBLUE Men's Stainless Steel Pendant Necklace Cross -With 23 Inch Chain
0e78f11f-4b6d-48da-8f05-1ef47708082b	Jewelry	"Princess Cut Lab Created Blue Opal .925 Sterling Silver Bracelet 7.5"" 16.8 Grams Heavy"
f0f7fa6b-6515-4e62-b5e2-f59a522d8e15	Kitchen	Prepworks by Progressive Bread ProKeeper
6552a5af-571e-416d-93dc-06b277bbb750	Jewelry	2.00 Ct Round 6mm Red Rhodolite Garnet 14K Yellow Gold Stud Earrings
fdcc1936-c157-4068-817a-68b9a7c54b38	Jewelry	FUNRUN Womens Mens Caffeine Pendant,Chemistry Molecule Necklace
28285c56-924a-4bc4-9cda-bdb01c37fba8	Kitchen	Jokari Fizz-Keeper Pump Cap
3b1a1545-a350-4a12-a9dd-d79eed0909bc	Jewelry	16g 8mm Surgical Steel Tragus Earring, Helix Earring and Labret Piercing Stud, 3mm Ferido Top
fce3f5f5-9db3-4abf-91d8-6756447c1eac	Kitchen	2 piece Prodigy 12 inch Slicer and Pro Series Carving Fork Set
594f9cb0-cd94-4d28-bd3e-8009eb625517	Kitchen	"Two One-Gallon Cold Brew Coffee Filter Pouches (2-pack) and 3 Free Recipe Books - ""Cooking with Cold Brew Coffee"" downloadable eBooks"
465b68ac-d019-4761-b199-8ef504542cdc	Jewelry	2 Pieces 5/8 Inch Gauges 16mm plugs tunnels flare gauges ear plugs stretcher fit taper expander Shipping
42df21fa-8960-421c-a508-a95698b06585	Kitchen	BOLDLOFT His and Hers Drinking Glasses- Matching Couple Stuff, Couples Gifts, Christmas Gifts for Him or Her, Valentines Day Gifts for Boyfriend or Husband, Anniversary Gifts for Girlfriend or Wife
d56cbf17-daf6-476a-8edb-8869b9f57756	Kitchen	Zipper Sealed Leak Proof Insulated Lunch Tote
74fcf4f8-9cfb-4991-802c-79e98f994827	Kitchen	"Visol ""Derek"" Deluxe Flask Gift Set"
59a531da-e6b7-49a0-8fbf-3a538846a87f	Kitchen	Stainless Steel Garlic Press and Silicone Peeler Set from Kitchen Fanatic
42d786c7-b221-468d-ba2b-c0c7c3849db6	Kitchen	Gourmet Trends Original Always Fresh Containers, 10-Piece Set
12169dcb-046d-441f-8b1d-01c1dfd7c399	Jewelry	Sterling Silver Simulated Diamond Twisted Eternity Ring (Size 5 - 9)
b6d30ddb-76ba-4396-b870-b8a5b3a814f1	Jewelry	Nipple Ring Bars CZ Rhinestone Non Pierce Body Jewelry Pair
adf20f97-a112-4d77-9686-acfd7a1f1060	Jewelry	Screw on Plugs - Baphomet Pentagram Style 2 Picture Plugs - 0g - 8mm - Sold As a Pair
bb44e181-9cd2-4521-8236-6d92498e4e33	Kitchen	"Mint Julep Cup - 100% Copper, Beautifully Handcrafted - 12oz 4.5"" Tall"
622e570d-6e03-4214-92b2-624ce86c3741	Kitchen	Libbey Just Tasting Collection
3d31da36-aa14-4323-b8eb-d6add2f87a8a	Jewelry	STR-0156 Stainless Steel Skull Shield Wide Cast Biker Ring
eb276e92-5dd4-454d-bfbf-9df8d44c0b8b	Jewelry	Rose Gold-Plated Sterling Silver, Morganite, and Diamond-Accented Ring
6d16bb67-ddb9-49bb-8b05-385b45578653	Kitchen	PackIt Freezable Uptown Lunch Bag
ceb948da-5411-4585-b7e9-1615cf1aba53	Kitchen	Corelle Coordinates Memphis Acrylic Juice Glasses
e9cc3284-eb97-454c-afb1-3505061053a9	Kitchen	Lillian Tablesettings 10 Count Square Plastic Plate, 8-Inch, White
4ceabe5f-6a72-40bd-afee-388a764bbf15	Jewelry	INBLUE Men's Stainless Steel Carbon Fiber Bracelet Link Wrist Silver Tone Black Rectangular Square
a1dcf4a8-04f5-4839-a573-f5689b8d8ef2	Kitchen	Tablecraft Olive Oil Dispenser 16 Oz.
d7aa31f3-56a9-4a9f-85f5-e4b0e07d78da	Kitchen	DeLonghi DCF6214T 14-Cup Glass Carafe Coffeemaker
2beb6b6e-4600-4168-8ab9-ccc7e34fbe05	Jewelry	CHOOSE YOUR COLOR Sterling Silver Custom Fit Thumb Ring
e58fe0e8-0435-4d22-97c5-5201dbd64c49	Kitchen	BNYD Easy Push Pop out round Mini Ice Cube Trays with Flexible Silicone Bottom, Pack of 3
3d4f93b1-c660-41e4-bdc3-91357b4594fa	Kitchen	Vandor 26773 Marvel Avengers Age of Ultron Recycled Shopper Tote, Large, Multicolored
db493b62-d1c7-4213-9915-3afc875c8c7f	Kitchen	Wilton ColorSwirl 3 Color Coupler
b6d77ed8-abdd-4112-ada8-1c830725c47b	Jewelry	Small Sterling Silver Detailed Rose Flower Ring(Sizes 3,4,5,6,7,8,9,10)
b6d282a8-8957-4358-8519-855dc8ba65df	Kitchen	Update International  BT-19OV Beverage Tub, Antique Bronze
70e216c1-83ac-4474-96b7-3b0030a67e9a	Kitchen	Melange Universal 2-Tier Knife Block, Woodgrain
00d4a954-3ab3-46ed-8284-3749aa6c746a	Kitchen	SpiceStor Organizer Rack 20 Cabinet Door Spice Clips
46d16105-8410-4ab5-beb5-4b9582f637cd	Kitchen	Farberware Fresh Grape Slicer (Green)
3d5053c3-6e3b-4fe3-9051-93ccf593706f	Jewelry	Jechin Women's Earrings Skeleton Ball Rose Gold Plated Dangle Drop Earrings
e76a6b49-8497-4038-9d6a-a442c858f60d	Kitchen	Signature Housewares Translucent Bowl, 4-3/4-Inch, Multi-Colored, Set of 4
60f96eab-f9b1-4c8e-8ff4-840eced6c688	Kitchen	Nordic Ware Bundt Translucent Dome Cake Keeper - Colors May Vary
a094e87e-976d-4460-8ac2-137ef8e7882e	Kitchen	Ikea Soda Straws Flexible (600 Pack)
53206cce-52bc-4004-9219-7ad37cf58ac8	Jewelry	Imitation Rhodium Plated V Band Knuckle Midi Stacking Ring, Set Of 4, USA!, in Silver Tone
99b075e5-193b-4e7e-9de1-16bed9ab5b92	Jewelry	"Napier ""Napier Classics"" Two-Tone Twisted Hoop Earrings"
09a362a5-297e-4579-8acf-7c8d8dcb835a	Jewelry	2MM Titanium Ring Classic Wedding Band with Polished Finish
15c21849-cc2b-4990-8078-5c573550d055	Jewelry	Regetta Jewelry Stainless Steel 4mm Post Stud Round Sparkling Earring Set, Assorted Color (7 Pair)
e4c1bd0e-04fc-4702-ad19-3605a246e1a3	Jewelry	King Will Mens 8mm Tungsten Carbide Ring Multiple Vertical Grooves Matte Finish Wedding Band
c3b01fd0-2cbe-4612-b3fd-ccb6f555a481	Jewelry	"14k Yellow Gold Oval Hoop Earrings (0.6"" Diameter)"
bdf7e94e-4f98-433c-a3ac-e485b8352848	Jewelry	0.80 Carat (ctw) 14K White Gold Round Diamond Ladies Wedding 3 Stone Enhancer Guard Double Ring 3/4 CT
305881b1-8098-49c3-9c1c-ac0dc061b3b1	Jewelry	"14k Gold Hoop Earrings (0.6"" Diameter)"
34161adb-740f-4270-8aa1-bd7cf6c92959	Kitchen	"Hoppa 23"" Lightweight Wheeled Shopping Trolley, Hard Wearing & Light Weight Polyester Rolling Push Trolley, 47L, 3 Year Guarantee"
857f50a3-f3a6-45ad-a47a-50ab9ed3809d	Kitchen	OXO Good Grips 4-inch Pizza Wheel and Cutter for Non-Stick Pans
4732ebff-c337-467f-a1d4-eea9bb3da701	Kitchen	Dough-Joe® Pizza and Baking Stone
33468b0b-2132-4a70-93ed-e4c11e0f9745	Jewelry	Qiyun (TM) Chunky Tibet Silver Tribal Heart Love Pendant Bib Choker Necklace Earrings Set
988903c7-7cb5-426f-b20c-809227d8ca8a	Jewelry	Cross Necklace for Men with Large Pendant 24 Inch Curb Chain (Color : Silver / Gold / Black)
5c811351-2dec-432c-bc30-1dd157b81eb8	Jewelry	Titanium Series His & Hers Matching Set Fashion Valentine's Day Gifts Titanium Couple Pendant Necklace Love Style stainless steel love you heart shaped head necklace in a Gift Box (ONE PAIR)
94355785-9280-4536-a172-9ae768fe1b35	Jewelry	Jiayiqi Women Fashion Crescent Moon Pendant Necklace Charm Sky Galaxy Universe Time Gem Necklace
4cd4c0ac-d370-4d8b-9cba-be6b5bfd4cf9	Jewelry	925 Sterling Silver Earrings - Cubic Zirconia Crystal Drop Heart Shaped Earrings - 11 Mm
7a2bfda0-3e5d-4f44-b698-73ac1d8b0d12	Jewelry	14k Gold Plated Brass Mouse Ribbon Stud Earrings with Screw Back
20dfe816-1266-4b25-848d-a310284be16e	Jewelry	IGI Certified 1/3 cttw Round Cut 14K White Gold Diamond Stud Earrings
72d21249-abf1-4746-8f06-4c5084bceb1e	Jewelry	925 Sterling Silver FLOWER FILIGREE Band Ring
ba5ac8f8-fe37-492d-85c7-79172d4418c3	Kitchen	Proctor-Silex 12 Cup Coffeemaker, Red (43603)
6ed3efa1-fc98-4f08-8b6d-e2d2a683629e	Kitchen	Wilton Recipe Right 3 Piece Cookie Pan Set
55492739-1c3a-45ba-a147-ddd96501ab48	Kitchen	SimpliFine Baking Sheet Mat Set
77380b9e-4680-4dfb-a8e4-2ab636c19f8d	Kitchen	Plastic Squeeze Condiment Bottles with Red Tip Cap 32-ounce Set of 6
de0aab3b-f5b8-49fd-8082-92feb8c6c60d	Kitchen	Zojirushi Air Pot Stainless Steel Beverage Dispenser
ad801b32-239c-43ef-b9b3-825c57d0de23	Kitchen	Bentgo All-in-one Stackable Lunch Box Solution-Sleek Modern Bento Box Includes 2 Stackable Containers, Built-in Plastic Silverware, Sealing Strap
dce6404f-3ec6-4be4-bc6c-6eff1b0cfac7	Jewelry	GlassOfVenice Murano Glass Millefiori Round Dangle Earrings - Gold
cb3d270d-3b17-4bb9-a275-ca4bfac02f73	Jewelry	Turquoise Color Single Lined Beads Non-Piercing Septum Hanger 536SQ & FREE ITEMS
4745a54c-74e6-4bd8-aa17-bc690d704181	Kitchen	Wolfgang Puck Jamaica Me Crazy Keurig K-Cups,180 Count
638fba32-3965-491e-8891-99f6665d99d9	Jewelry	8MM Comfort Fit Titanium Wedding Band | Engagement Ring with Black Plated and Brushed Top finish | Grooved Polished Edges
401ab7ed-c2d6-444f-a9d8-aba5076a393f	Kitchen	Oster Electric Wine-Bottle Opener
244d369e-9316-4994-9c4b-80d5c34badaa	Jewelry	Christmas Red and Green Wreath Flower Brooch Pin Pendant Necklace Compatible
8771bbfe-20c1-447c-9f27-7496c2552742	Kitchen	"Reynolds Metals 00504 Slow Cooker Liners 13""X21"""
718bde06-cdfe-46f8-9a0a-5547e72d5051	Kitchen	Brita Water Filter Pitcher, Monterey Model, 2 Filters, 10 Cup Capacity
7276e843-5536-4f79-a1bf-ea3eda10384c	Jewelry	"Merdia Four Leaf Clover Heart-shaped Crystal Pendant Necklace 16"" + 5"" Extender"
c01dd6de-70c7-4106-9889-bb82bc0e5b8d	Kitchen	Chefs Star Premier Automatic Milk Frother, Heater and Cappuccino Maker
d2fd671d-ef0b-49ff-9b77-d01b03aaf59b	Kitchen	Cook N Home 10-Piece Stainless Steel Cookware Set
1f81c660-0053-41d0-a0f1-a2a6d5f6378f	Kitchen	Rubbermaid 10 Quart Personal Ice Chest Cooler
6d17ebc2-9da5-4951-82a8-387a55addcef	Kitchen	Imprint CumulusPRO Commercial Grade Standing Desk Anti-Fatigue Mat 24 in. x 36 in. x 3/4 in. Black
01f169e8-f45d-4fa5-a696-40420f02a60f	Kitchen	Teavana Perfect T-maker (orange) - 16oz
a2308fed-97b2-4eac-bc36-a54207056dae	Jewelry	Double Layer Necklace with Iced Out Prayer Hands & Cross Prayer Hands Pendants 22-28 Inch Rope Chain Necklace - Goldtone or Silvertone
108522f1-ce1d-4e0c-a823-d40946eb1dcf	Jewelry	316L Surgical Stainless Steel 13mm Sparkle Crystal Stones Huggie Hoop Earrings F08
1fb3ae5d-318e-40a7-888c-31311797cb68	Jewelry	Swarovski Alana Pierced Earrings 993487
c7e48e03-ff74-452e-8040-a933c299b01c	Kitchen	niceEshop(TM) 3 Layer Bullet Splice Tobacoo Herb Grinder with Pollen Catcher (Silver)
0bb9b55b-9b1f-4b67-aefa-756c5aeb9c7d	Jewelry	Neoglory Jewelry Full of Rhinestone Owl Long Chain Pendant Necklace 2 Colors with Jewelry Box
38f9e1a8-ac62-49e2-b3ce-35a0a5fb4009	Jewelry	Sterling Silver Cubic Zirconia Halo 3.3 Carat tw Round Brilliant Cut CZ Wedding Engagement Ring Set
30212d3d-64d9-4e60-859e-28182664f1f1	Jewelry	"Harley Davidson® ""TAILPIPES"" dangle sterling earrings MOD HDE0108 by MOD"
d228f7de-a803-4115-bccc-945b20d8bf9a	Kitchen	OXO Good Grips Locking Can Opener with Lid Catch
086d7017-eb02-49ac-931b-4a74878e91bc	Kitchen	Set of 2. ALL PURPOSE SILICONE Mold Trays. Use for Jello, Chocolate or Candy. SUPER VALUE. Get it NOW!
7f894934-9fed-47dd-813a-af31ddc56573	Kitchen	Tattler Reusable Wide Mouth Canning Lids & Rubber Rings - 12/pkg
e5d94bce-99d0-4ecb-ba12-dd00f828c7b6	Kitchen	Hamilton Beach 64650 6-Speed Classic Stand Mixer, Stainless Steel
c1eeefee-9e6f-455e-86f2-9d056e749dc0	Jewelry	14K Gold Mother-of-Pearl Calla Lily Drop Earrings
55557fab-74d2-4834-950b-97eb76386a62	Jewelry	Mai Jewelry Stainless Steel CZ Marquise Shape Solitaire Engagement Ring
5555dd9c-2ff2-4078-87f8-cf253e4a1c4a	Kitchen	Perfect Pod Eco-Fill Deluxe Refillable Capsule, Keurig 1.0 and 2.0 Compatible
ad6a46dc-36c2-4239-ab61-ebd4fb2585e6	Jewelry	Susenstone® Barefoot Sandal Foot Jewelry Turquoise Beads Beaded Stretch Anklet Chain
a79229e6-189d-460b-99b8-b5491040892b	Jewelry	Jewelili Montana Crystal Flower Brass Ring - Size 7
ad56fd50-edfb-4d0d-be36-1dd5bbccd16a	Jewelry	2.00 Ct Blue Simulated Sapphire 925 Sterling Silver Removable Jacket Stud Earrings
83a521da-bb74-4304-9dc9-63b9297e61f6	Jewelry	Silver Sloth Necklace
d3cb06c0-c46a-42b0-8775-ac0d2055a2f7	Jewelry	Ring Resizer, Ring Magic Ring Safety Bands, TRIAL Pack 3 Assorted Sizes (1 Sm, 1 Med, 1 Lrg)
34c225aa-1163-4a76-ae97-ff6c527ed39e	Kitchen	IMUSA Sunburst Cloth Tortilla Warmer
5cc5a658-0485-48ed-957c-adff1d9b163e	Jewelry	niceEshop(TM) 2Pcs Pack-Bronze Fashion Vintage Deer Bracelet + Classic Dragon Ear Wrap Cuff Earring Stud Earrings Punk Rock Left Ear
832040e7-8796-4c8a-a17a-77480713415c	Kitchen	All American-Quart Pressure Cooker/Canner
637af02b-9aaa-47f2-b5c2-1dc439a78dfe	Kitchen	CounterArt Flexible Cutting Mat with Food Icons, Set of 4
3d92116d-fe3a-47f3-addb-fc055c905ad4	Jewelry	Mother's Day Gift - Vintage, Retro Owl Pendant and Chain with Antiqued Tone Finish
58321dea-be74-4049-a53c-3d2179f27059	Jewelry	Sterling Silver 8mm Back Earrings
698c604a-3d29-4b8b-8b6a-6046ca429a0c	Jewelry	JunXin Size5/6/7/8/9/10/11 Purple Amethyst Cubic Zirconia Engagement Rings Black Gold Plated 77MM
c2ec0518-0bb0-466e-b8c8-2d0968151ae7	Jewelry	JQUEEN Women's Simple Gold Ring Circle Bar Pendant Shiny Alloy Short Necklace
9de64e21-6d41-4b93-b196-333a76ac9406	Jewelry	BCBGeneration 2 Chain Line Bracelet
a8e724e2-f24c-4150-a1ce-61e0674ce693	Kitchen	Wall Mounted Bottle Opener, Brushed Stainless Steel by Sky Solutions with Free Mounting Screws. Classic Vintage Wall Beer Bottle Openers
e925e435-ab48-4e1f-b0ed-169c731aa592	Kitchen	Breville USA BEM600XL Handy Stand Mixer
f4ea4a31-b7bb-4643-82ef-a00b4392cd6d	Kitchen	Frieling USA Double Wall Stainless Steel French Press Coffee Maker with Patented Dual Screen, Polished, 36-Ounce
1129731b-6ce5-4e55-b6f9-38b5abc246d6	Kitchen	Zwilling J.A. Henckels Twin L Kitchen Shears
bc6e60c7-536d-4277-929f-ebe319f48dc0	Jewelry	Beads Hunter Clear Crystal Heart Pave 925 Sterling Silver Charm Fit Pandora Bracelets
056f38a8-b200-4ad0-8524-237275bb4638	Kitchen	FoodWorks Silicone Ice Pop Maker Molds/Popsicle Molds, Set of 6
c8910c33-04fd-47ba-b2b9-d3f64e082f43	Jewelry	MFYS Scales of Justice Attorney Lawyer Judge Cufflinks with Gift Cufflink Box
4ce95a7c-c3a9-4779-9851-d4edf32cc05d	Jewelry	"Sterling Silver 2 Rows 8-8.5mm White Freshwater Cultured Pearl Bracelet with Tube Clasp, 7.25"""
55565561-5d52-42fe-b9a6-25dffbb65619	Jewelry	Authentic 925 Solid Silver Core Pink Hawaii Garden Murano Glass Bead Charm Fits Pandora Bracelet
c31638ec-92ae-49cd-9616-5e52b38942e8	Kitchen	Prepworks from Progressive International 16 Count Thin Apple Slicer and Corer
73a5d835-5581-49f8-bf71-b51ae6c08569	Jewelry	Gold Steel Double Flare Tunnels - 7/16 Inch - 11mm - Sold As a Pair
c765d7d1-040a-43ea-803a-e735731b0812	Kitchen	Colander Collapsible - Green & Grey - Over the Sink Colander with Handles - Folding Strainer for Kitchen 6-quart Capacity - By Comfify
a9ad5f0f-386d-4b41-b54d-24e9da82e65a	Kitchen	Pyrex Portable Double Decker Casserole Carrier - Carries Two (2) 3 Quart Casseroles
0bfa67a7-d4c6-4815-b367-a71f89dc2288	Kitchen	Pangea Brands 2-Slice Pet Emblazing Toaster
fa383033-ec6b-47f4-a9c9-3271364c33e2	Kitchen	Keurig Two Water Filter Cartridges
5eb30cb2-e284-42ee-8ea1-37d6fd4f9d9e	Jewelry	LingMei 6mm*8mm Emerald Cut Pink Topaz 925 Sterling Silver filled Ring
a3d5494c-1cb8-4308-8a45-9618dd750401	Jewelry	Bob Siemon Sterling Silver True Love Waits Script and Heart Ring
71d00692-3cf5-475a-95cc-60c543a01278	Jewelry	BESSKY Women's Infinity LOVE Heart Eiffel Tower Friendship Leather Charm Bracelet
a90f9187-3910-4dcb-b5a7-8ca1bec00a13	Jewelry	Unisex Black on Black Overlay Solid Silver Stud Earrings. Top Quality Black Cz Round Stones
68e40b73-9b39-4d1a-b5a8-ba1af51b8671	Jewelry	"Alex and Ani ""Charity By Design"" Young and Strong Expandable Wire Bangle Bracelet"
ac903eb7-278b-4787-b099-290a7fa2bc79	Kitchen	Keurig K550 Coffee Maker Single Serve 2.0 Brewing System with Top Needle Cleaning Maintenance Accessory and My K-Cup Reusable Coffee Filter, Platinum
0e418462-76cd-4da0-adf0-4ce9c186adf2	Jewelry	Solid .925 Sterling Silver Pentagram Pentacle Of Solomon Star Five-Pointed Star Protective Symbols Wiccan Pagan Amulet Hexagram Bracelet
c31bdc8a-5fa2-4b53-9c69-aa3b2d8842e2	Jewelry	Celtic Knot Necklace Earring Set ~ Silver Cable Chain ~ Nature Necklace ~ Harry Potter ~ Viking ~ Game Of Thrones
678c12b5-2e2e-43f5-bbfb-777b62e7f0ed	Kitchen	Hello Kitty KT3102 Water Dispenser
cc584868-0f00-4664-85ef-fc6eeed1fcde	Jewelry	"Polishing Cloth for Silver, Gold, Brass & Most other Metals, 12""x15"" Largest Size"
9344c22b-2261-4e19-bf5e-fde042a45539	Jewelry	JOVIVI Punk Genuine Leather Cuff Bracelet Wristband Bullet with Skull Style
8f6a6412-676a-40e1-a9a9-22c91e3e594a	Jewelry	Generic Retro Mandarin ducks Cuff Bracelet Tibetan Tibet silver Bangle Gift
1e89dd3e-d317-4944-9323-b71a87cab34e	Kitchen	KRUPS XP6180 Full Stainless Steel Twin Thermo Block Professional Espresso Machine, Silver
afc81506-736a-4185-b587-320ac35de20b	Jewelry	Sterling Silver Italian 1.4 mm Singapore-Chain Necklace
6b0fc2f0-0085-4c53-8526-4a7712a92b52	Jewelry	King Will GENTLEMAN Men 8mm Black Carbon Fiber Inlay Tungsten Carbide Ring 18K Rose Gold Plated Comfort Fit Wedding Band Engagement Ring
3eee285c-3fa6-4849-8455-5fe623276650	Jewelry	"JewelStop 14k Solid Gold Yellow Or White 1 mm Foxtail Chain Necklace, Lobster Claw Clasp - 16""18"" 20"""
44b36080-ceaf-4a10-9fc3-a77f86544728	Kitchen	Premium Quality Thick-walled Plastic 12oz Wine Glass | Set of 4
2eeee70c-6d18-4125-960b-b4f98bd5a262	Jewelry	Rhodium Plated Sterling Silver Toe Rings Round Cut Cubic Zirconia Channel Set Black or Pink
3a7bec76-88e8-4e50-b4cf-4ef4818bd83b	Kitchen	Best Cooking Barbecue Meat Thermometer Ultra Fast Instant Read Digital Electronic BBQ Thermometer With Collapsible Internal Probe.
e8d814cf-2cf3-4b8e-8b9f-727c7ab0ce11	Jewelry	8mm Gold Plated Polished Tungsten Carbide Wedding Ring Classic Half Dome Band
ac0d1f87-f4cd-4001-b283-379a3cececf3	Jewelry	Solid 925 Sterling Silver Jewelry 2.52 Ct Stunning Oval Millennium Blue Mystic Topaz Ring (Available in size 5, 6, 7, 8, 9)
fa4f1009-9c3a-4599-b026-aac1a1c2d2fd	Kitchen	Richen Soft Kids Neoprene Lunch bags Lunchbox Tote Insulated Grocery Sleeve with Zipper
399e4875-686e-4ffb-9843-57c8e251a0b2	Jewelry	Platinum-Plated Sterling Silver Swarovski Zirconia Leverback Earrings
4a4b5d9c-c62d-40e7-b094-bed7b3006536	Kitchen	Microwave Spatter Screen
3264511d-003c-4735-a922-e29cfe1abaa6	Jewelry	Dealglad® 10pcs Acrylic Clear Ring Earrings Storage Box Display Organizer Black Pad
5f2cd4ab-36e2-4155-8b72-d2975fedd4ab	Kitchen	Chef Gear Anti Fatigue Kitchen Comfort
a2b599e9-25d8-4e05-a3f0-413ddb7e2841	Jewelry	SOUFEEL Travel Series Charms 925 Sterling Silver Charm Have a Trip Charms Journey Beads
d7e94c07-0295-405e-aeb6-691254965063	Jewelry	St Benedict Exorcism Ring Demon Protection Ghost Hunter Sz 11
e4a29ee7-a708-46a1-9556-52197fe7bf0f	Jewelry	5 Pairs 925 Sterling Silver Small Medium Large Endless Hoop Earrings Set Cartilage Nose 10 12 14 16 24mm
db91d131-69d9-4e39-962b-72fe966c0fae	Kitchen	Keurig Brewing System
259cecf6-4c92-4de0-b4e9-21d23e9c83a5	Kitchen	Covermate Stretch-to-fit Food Covers - 2 pack
6aa14a89-5e84-4b5a-818e-cbfc30f869f2	Kitchen	Epica 18-Oz. Glass Beverage Bottles, Set of 6
c812635b-f2af-4afd-8662-f9cd71ea9ec0	Jewelry	6MM Sterling Silver High Polished Half-Round Light Comfort Fit Classy Dome Wedding Band Ring
7650822f-9708-4561-8773-65f5bfcf30bc	Kitchen	Spiral Slicer Spiralizer Complete Bundle - Vegetable Spiralizer and Cutter - Zucchini Pasta Noodle Spaghetti Maker
c51455e2-dfa2-464d-b16d-7fcf0dc427aa	Jewelry	"10k Gold Polished Mother and Child Pendant Necklace, 18"""
f008ac98-f924-41a0-8544-a8f1f66e9021	Jewelry	Fossilized Carcharocles Megalodon Shark Tooth 1.5 - 2.0 Inches Length
834d9fca-dc27-483c-b2c1-0a217e24df72	Jewelry	3 Inch Sun Kissed Orange Sparkle Ball Hoop Earrings
6e62e4a6-fbb4-483f-acdb-88ed50d97b7d	Kitchen	Thermos Intak Hydration Water Bottle with Meter
9270c0ea-9f61-42a8-b480-3e7061592276	Jewelry	distintive & stylish BUYINHOUSE New Stylish Ladies Girls Antique Brass Plated Flashing Red and Brown Rhinestones Crystals Flower Petals Leaves Brooches Pin Clips
8e97d9f4-73b9-4f7f-b36a-5058bede59a5	Kitchen	Spectrum Diversified Leaf Knock Down 2 Tier Server
181d74b1-54fd-49de-aef6-1f673b94fa1c	Jewelry	NOSE BONEZ by Bodfx - Wholesale 40 Piece Nose Ring Stud Set. Clear CZ Gem Studs. 0.8mm with Dimple end.
c9a4b583-6e8a-492a-b3fc-36617ec1092e	Kitchen	Brita Grand Water Filter Pitcher
99860b29-348e-4487-84db-f9e4ab2c0a94	Jewelry	"Betsey Johnson ""Pinktina"" Rose Cluster Heart Drop Earrings"
2b9aa664-ce7f-449d-8399-8db937d79676	Kitchen	Fit & Fresh Cool Coolers Slim Character Shaped Lunch Ice Packs, Multicolored - Set of 4
0ee77575-0099-42a5-9eec-cba604e6d000	Kitchen	iPerfect Kitchen Detachable Grade Stainless Steel Blades Meat Tenderizer Tool & Knife - Included Cleaning Brush
a07d1283-8200-4552-80d4-ea6eaf81bbaa	Kitchen	Newest & Improved Spiralizer Vegetable Slicer Complete Bundle - Best Vegetable Cutter - Zucchini Pasta Noodle Spaghetti Maker
c8b1aecc-494a-430d-a8bb-fdafdd590942	Kitchen	What Night? Funny Wine Glass 13 oz - Best Birthday Gifts For Women - Unique Gift For Her - Novelty Christmas Present Idea For Mom, Wife, Girlfriend, Sister, Friend, Boss, Coworker, or Adult Daughter
ea896fc1-0346-481b-807c-e07aa1998946	Kitchen	Keurig  Brewing System
320611e2-1fad-42be-aa70-24a850955184	Jewelry	Simulated Pearl Stretch Bracelet Set
615a48b4-635b-465a-8837-158a3b2b029b	Jewelry	Sterling Silver Round Cut Cubic Zirconia Stud Earrings
2a397141-4d29-4287-a94c-d3a220a34606	Kitchen	RSVP Manual Drip Coffee Filter Cone for Carafes or Thermos
96d5230c-2edc-4265-9c6d-c85f2ebb8db7	Jewelry	ELYA Stainless Steel Triple Mesh Strands Polished Heart Bracelet 7.5 inches
9988a1ea-e217-4f29-abb5-958aae7919a5	Jewelry	Freida Rothman Classic Two-Tone Rings (Set of Five)
46d2e5e4-f0bd-4533-ac43-47e416ff93e9	Jewelry	14k Yellow Gold 2mm Thickness Huggie Earrings (10 x 10 mm)
4c99cd1d-ed76-46de-979e-cd76a1e506af	Jewelry	Finger Size Measuring Ring-Ring Sizing Finger Size Gauge Jewelry Sizer Tool-Ring Finger Sizer
c12b7759-2385-4183-bf42-99b34195be20	Jewelry	Sterling Silver and Gemstone Heart Pendant Necklace (1/6 cttw)
bd2c7eed-d81f-4d66-9f3f-e5d50c312f37	Kitchen	Whitmor Adjustable Drawer Dividers, Includes 2 Dividers
7987bafc-675c-479c-80c2-f8c3cd354661	Kitchen	Breville BKC700XL Gourmet Single-Serve Coffeemaker with Iced-Beverage Function
870f1ba6-ab73-44ba-af23-bfd030226024	Jewelry	HeroNeo® Natural Crystal Healing Point Pendant Chakra Cut Gemstone Jewelry Necklace New
be9a7d72-f3a5-457e-a748-dfe2828f57b2	Jewelry	"Sterling Silver Diamond-Accent Heart Pendant Necklace, 18"""
342bc356-b54b-4e76-a50f-4ecbb2777e48	Kitchen	Hamilton Beach 58148A Power Elite Multi-Function Blender
c0c3e8bf-f2a2-43ed-8afb-eea22a786d9c	Jewelry	"Epinki Men's Women's Stainless Steel Jewelry Promise Rings ""Forever Love"" Engraved CZ Blue"
3d542aa3-c565-4977-a462-5629acf5601d	Jewelry	Ivory Pearl Drop Designer Wedding Earrings with Pave CZ
550857b6-5c03-44b9-8813-785bc2296424	Jewelry	10k White Gold Aquamarine and Diamond (0.2cttw, G-H Color, I1-I2 Clarity) Heart Ring, Size 6
