05d4b845-1772-4f02-8dcc-b0ef4c1e06f8	5
b848c565-1a0b-4810-9dfc-9a537cfedcbf	3
ae56ebfe-0abf-4a55-88fc-d838b834d4ae	5
1646a66b-4a17-4a88-86fc-d051047c0a60	5
4d849800-f3ef-4cfd-a12f-283ddf60f658	5
3f6ee1b3-6b07-414b-9cb2-7517fa291300	5
91a2f113-daee-4a7a-ab34-a92b7d09f0bc	5
58ded8c4-fed8-4f3a-a6e7-ad6229a3d69b	5
a85b1a5c-b30f-4251-bedd-7c6eebc00961	5
9873538d-d347-4476-976c-c7c9038c31a8	5
07058385-de95-4456-adb8-efa70f44de6f	4
abc0216b-c7cc-4435-8355-a5016c4d19c5	5
b88b4e1f-064f-444d-8ce1-70a3ca272536	3
2fcabc7e-ba02-4519-aa47-624ce3939d86	5
40a4744f-fa55-490f-a115-f9adefcf1243	2
74a1fd67-30d1-4f36-bd0a-845c65ac72bb	1
be29ab4d-6bd4-4c57-aa3e-4f5d0ae48dad	5
86bd9545-60b4-4aee-8b76-1522fe2851aa	4
648bd04d-33c7-4aa0-a930-b869877c41cf	5
1ec890c5-3cf5-40fa-8269-f08b9598b6c9	5
5c243374-a211-4fea-b6ae-1cf6a2b3a70e	3
b5a45c1d-0012-427f-9ae4-45e474817607	5
c93b5303-9f8d-47d7-bf06-ebed29783970	5
0852e47c-d35f-4a5b-8745-9150b5bc4ff4	1
32f5d10e-79a8-4c3e-a1e2-fc8becc3aa63	3
5eaeecbc-eab9-4259-bb3d-787aaa302a86	5
01f74619-4b1a-4597-b71a-dd8b23557fe2	5
75e260c3-8f6e-49b5-a938-cc77539757ce	3
f2ee0a94-e8c5-4792-8b34-1d89ec6974bc	5
ac4b5d90-10e8-4f4f-ba14-84dc5596c5f8	3
729d0bad-c5a0-4527-a8e1-f1b5360e0a41	5
30a86aff-0853-445a-9fe4-4fe5b3ffb2c6	5
1e544e10-435e-4ac8-8f71-20a77f29a319	4
d3a3902c-1d7c-403b-be04-d2b4977ad488	5
eff8339f-1241-4d9f-880c-24a4b8fab713	4
58ecb5b4-505b-4039-b693-193602b1f2d3	4
2448896b-0fb9-4ff4-86d1-34bd22cfc83a	5
e862b1ca-b05c-40e8-ae6e-cbf69c496088	3
c5e35075-f603-4836-a661-ac058f53a408	5
f9e651bb-c0b6-4c66-a519-8ddec7b1242c	4
77dea662-ab6d-470f-8ee8-54d5d4f4cf8a	1
b444528f-6ccb-47ea-a715-b3e5f09d8336	5
7f95d3f7-c7ac-48b2-9b9c-f19de2c05da5	1
4c4f713e-c6c4-43d3-a86f-641e474e9681	5
38661088-cda4-40cb-9194-4a83e48f6e8b	1
a6bb8001-beca-4faf-a089-5d281c0fdb29	5
acccab8c-0e03-4f3f-9fcf-ca8ea592bbb4	5
1bb383aa-237f-4d5e-a77b-0e5ba401580b	5
aeff2093-48b7-4792-a0fd-9a568f4e4f2b	5
38d22f54-ad69-43c9-80e7-b61458b74806	2
d19c5ad6-6ac5-4152-85a1-fcd64d22dd78	5
8b68e9fb-0949-428b-8e07-de3f1eaf9ac7	5
4afb5841-1740-4a93-87c7-15bf5e16bb55	3
ef979f4e-2f2f-41b1-8499-79a6a7db6919	5
aba76ebd-ebcf-4572-bc5d-6b31c9648770	3
83889d18-5d42-473a-9224-88b56083e871	3
121b52cf-9aa4-4193-8bb4-f404889c45ec	5
ed529f77-b0c2-4cbb-8328-e986bc8d9f31	5
c57dc5ea-c3bc-4804-9930-8dc62ba17ec9	3
61e37f16-4a97-42d1-a7d0-00d67f32c2d6	5
006843a1-1269-4c0a-8528-46dbf0bc7d45	5
bf9e2e4d-b754-4815-b94e-20cf8d48bd84	5
417ac3b9-2c51-45fb-abad-40eebff2da27	5
08bb0486-00ef-41c7-9455-35f74533a81b	5
bdc1ba83-b804-4899-9a8f-0d38d9c7551e	5
7e8331aa-24ae-4a07-9025-d4d9032b9e14	3
0316627d-94e5-4861-a5f8-b0c466e52fc6	4
f9904b8f-90ec-40e7-b306-88e495a1245a	5
b149f4fb-7dce-43ba-bbb5-fd430fc2137a	5
937ade8d-9066-451b-9564-abccf02fd0ab	5
1cafbe86-69ef-4347-a307-50c6daae1c5a	1
ba4b297e-d05f-482c-8b5d-ff22677e3c0d	2
fa7afb0f-ab84-4f25-a0ab-6f5088b16956	4
3251384b-c0f6-4665-8bb7-b1c7fb675369	5
7614e007-b58c-452a-bc04-ee5a7dc46b99	5
b0279e96-43f4-4d78-9d6c-2cadebd4c2d4	3
6a017d6e-ac66-4a07-a6fc-36103e5bf104	3
a9baa1a2-e6f8-438b-a072-4c70c83523eb	1
c642e7c7-ed0b-4f6f-b950-2eff102ebd87	5
bdf127cb-abc6-431b-83a2-4d16e2630e91	1
c003f836-6f43-4e74-ac74-59c3ac000c69	5
b135eabd-01e8-433e-92aa-d19d612a10e8	5
50088cca-d9a7-4387-85ed-e8a88e54ee50	5
2ff59077-3893-4bec-8751-27346df40bbe	5
1c8a53d4-a21b-4ed2-b9ff-0ef9f80fca1e	4
4750c8da-6ed6-430c-8549-c379aad60fc8	5
81af181d-0181-454e-a61f-22342934aa93	5
1ab82219-e349-4c60-a318-d5790975927f	4
ca7c5fc9-6341-4b8d-b4ca-8439c6f2a0a0	4
33c16eae-4369-4f70-b35b-585c5e614244	5
88a793e1-35fe-4589-a0e7-c2d26c5672ca	3
986cc550-bb1a-45af-abee-4a687742e794	1
9c272525-3001-4bba-9a20-67fddd538db5	5
963a91fe-8d00-4817-b437-558ff47d8cd6	4
a38908a9-802e-47e1-b835-adf1c5ed7268	5
990a94cc-6622-45be-85d1-e2fa4cae4a6d	5
c5986af2-192a-4d2d-9323-aceee89ec8f6	5
b826c9ad-fd6b-4089-a6c3-d399975098d6	5
759582a3-e186-44d4-ad23-02962da21635	3
8bf4c82b-7839-4e67-a5eb-7ac47c6393ea	5
fc3d3772-29ab-46eb-9c52-937472842dcd	2
54f00426-6464-4411-8ceb-885170ab7f18	5
d00cded1-2b8e-4bea-9e21-871d98e59750	5
073cbf68-99c0-4c8c-b9f4-d71cf235a145	4
b145dd83-3d4e-470d-b858-9bbed5a4312c	5
0a5b020c-b39f-4dc9-a6af-babaa52050ff	3
c1162993-0b8a-4a65-898e-51fb32095ade	5
7c99d270-2fbe-43d1-bd5a-984c2cf1dcff	4
e262520e-b7f1-4b3c-b0a1-5edb74436bcf	5
8f4864ae-16b5-48c2-a1fe-b9eb45356185	1
69a18d6b-1085-4a5d-b54b-d00c9832b14b	5
d1d99dd7-4832-473d-b0ae-75eb8e7a7dc8	4
f774b965-56f7-4bcc-84f0-82e90a2fb0e0	5
7e0814b4-db64-49db-a25f-3444313026d3	5
1c548a9e-4336-4fe4-87a3-e41c934045b9	5
d268debf-e394-4ecf-a424-b3426816b73e	4
f0485faf-6f63-4440-a89d-f820917253f1	5
6d0b86d3-b31e-4464-a7d0-56be6795b451	5
8f294f09-a124-4f04-a148-653ef81d3e40	5
fc3a5eee-dfa1-490d-927d-7cac38fcd564	5
cc9062e5-c304-4224-bcab-8ccc85902255	3
39b6c3ff-a1e8-42ad-a436-86211c211a46	3
363b50f7-03f8-456c-a6ef-770a3d04f4fb	5
cb55e7d9-9c72-4e73-ae79-9b424a30735e	5
f8ec46b9-b7af-4ceb-ac54-5c476b3e2170	5
e300f3b3-8b79-45e5-8984-b7964eb97f2c	5
a1f49ee8-fb39-4f7f-8aec-ae1e6dae2075	5
00f78ed1-4ffc-4dca-b455-b6ec16316c9b	5
7f93f472-6270-4dc8-9404-1b083e5f2deb	5
b660bbe1-f8ff-4d72-9b44-f1bb5a0ea9fa	5
e8de845e-8096-4b72-9540-7ed17a4893d9	3
fc88573b-15c7-4a69-bc18-6f4ebd378a59	1
117ee5a6-4322-4831-b65b-1934aed5d84e	5
e9888f30-5f32-4e88-90aa-40cdc8573f78	5
259ea8a6-a833-4066-98f7-657d64337979	5
a4523d12-e377-4fe1-a738-1d450cd68b0b	4
8d18e85c-efc6-407c-a904-21c0e0cca1e8	2
6afa7512-b724-4038-868a-0b047323904a	5
0548535b-647b-4c66-bc37-4ccba97ab9f9	5
e3d5e6fb-916a-4643-a535-26307342ea00	5
0fbf579b-819d-4938-9b9b-92a8d0fbc29d	5
e10548dc-9cd2-42ff-a920-df356f811703	5
44146a3b-e1b3-49bf-a164-ee8128e83bad	5
fdb73f2c-5895-46f9-af08-29ff529ef2cd	5
496f25f0-ab7b-4293-b1ab-ecb7d5062e53	3
500d42bc-4f6b-4147-92f4-bb62a8704634	5
a52f133f-baee-4086-9ecd-154efaa53191	5
e959a959-699d-4c19-a9f1-95b46b653ce6	4
2411d934-9c7c-4329-a385-3d7dd91ee49e	2
cadba32e-0e93-40e0-acf1-7b2fba0d3edc	5
c8705e7f-2ed1-40c0-ad2a-df121b42073d	5
76748390-31bc-4c3e-aafc-fe28cf5ac313	5
aab5f389-94c5-4541-bb41-bff749a462b5	5
32266950-0f5b-4ddf-bcf3-9650d893a052	5
af472065-bd76-41bd-b9ba-cacf2c22a401	5
4d7c760f-ee93-4f73-b985-53863fe362b6	5
dc4071c7-0a60-4df0-9711-a5eebbce2503	5
7d354a69-f812-417b-9a8f-f566fbaa4ad5	5
1b34faaf-53bb-4303-a2ed-69311347ce93	5
07e696c1-a2df-4b5c-9e49-2d386792db63	4
721c0391-de37-4ddd-85bb-073f6ee3afdf	2
7450831d-f4ff-4317-9cba-70160317f9a2	5
7543b930-5f54-40a2-9e5f-2b9ae51ebc00	5
f2bbcbc6-3ca4-44ca-b020-8357629d4d2a	3
c4ee0c95-b0d3-4c8b-889e-54711e95ef9a	5
db41fb76-81d0-4236-aeee-40d13416649e	5
838e9d18-e46b-44b1-afff-acd83cfa731c	5
b502df7d-25f3-4b35-9c85-24b4a52f62fc	5
1817d5d3-79e7-4ce2-a7fb-b8dfbeaf7402	5
95a147b7-a527-49a6-a79d-45a31c0806a1	5
85d528f6-2dc3-4caa-a701-6a49dece983e	1
781d378f-c74d-4b18-b555-6c3ac3c103d0	1
80cb9994-5da7-48fc-83a8-6a8a94c7ac46	4
c89946ae-7f6d-4780-b9ee-8239fdc613d4	3
77f32aaa-2748-46b3-9e61-7c5c91282014	5
492980ba-40e0-4a8a-9c5d-0919c714c403	4
bfb9bcd8-f722-47fd-9ab2-064b2e91a5f4	5
2424385f-42c3-4e91-b5c3-b02c97bcc455	4
2eb2988f-452b-483a-8d0d-078acd6ed4f5	5
dccb5873-de9e-4f8b-bb39-a130e52c2d84	5
7b80c41c-97de-4e56-9cb7-78ab00313a71	3
0b6e77da-fe55-4518-9779-aceb64e16acc	1
3d81dafc-fe8f-498c-82eb-ebc3bab37314	3
c027e9fa-a0a9-477f-a427-c829e4e493c6	4
46053454-22ed-4c16-982d-1bc3ee05ee9a	3
13d0b400-5ba5-430e-84df-41d9052dd3af	5
13e55729-f53e-4503-b9c9-4052fc671016	5
461e2a16-a887-493a-b2fb-9e60155f7d42	5
05a5af7d-10cf-45a8-8d20-9c9086c6f93a	5
93c0a1c8-76d6-4206-a42f-02109ccdfb17	5
6d77398e-6fee-47d5-99a4-0e075b5c52be	3
33014228-2329-48a0-8362-ac2c5d39be0d	5
e8ae94b2-8270-4f7a-bdd8-909b54a7e1d2	5
3e698594-ffef-4f2d-8c2a-60a4d1e48ae3	1
6e8e0088-29c6-4e96-9748-86d9573f61e0	5
e6374c58-c115-4481-843e-c4a06ed49f2f	5
ae900eda-7f3c-4db9-97f7-caaebd912439	5
e66f2ce3-401d-41af-aae1-bc5814ed5fbf	1
db33a98a-75bc-4a2d-9e32-1494146d9c0c	5
712146d9-9856-4718-a96a-abae65eff2c0	5
237b5556-7a4e-475c-bd78-2c0143574c74	3
bb441cb9-5e26-4129-87c5-7e32b0e8e356	3
3cbcd2e6-0b34-4289-b074-2f49c21d957d	5
7a5aa74c-5f5f-41e1-a472-4b98c83e12eb	5
f48c11f9-5ee4-4024-848a-a6922e56fac1	5
f974f538-30a9-4ade-bfd8-42684f2dab32	5
a94fd319-30c8-4f80-81bf-f01060e1b526	4
e0d6fe24-9555-4973-b8ea-2ea473af2cec	5
b8427ae7-3624-4fac-9bfa-a17deafeda45	5
7dad04bd-3829-43b2-aa1b-06ebaac1236e	5
19928547-7f22-4ed0-8604-375b7e58cf8a	5
9fa8ffc4-39ce-40df-a048-18fd2999097f	5
8fd596ec-666a-48df-98cc-385519074202	3
32513713-9d38-4a93-99fd-7ba92490913c	2
8e1f5e36-3828-4527-8b1a-a2e47e777688	2
0179d6a4-bc4d-486c-9201-74560fc9e7cd	4
75b83544-9707-46db-b913-3f8310f16a34	5
a9179fe3-2f76-4087-85b8-a3a734ff2bad	3
0f786dd9-c158-47e6-bd79-7b6c0592d085	2
2e3f3840-1f65-4c4e-95d4-02e717ab48ab	5
0002d381-c52a-42a7-9734-362403d3faf5	5
fe8a653e-658f-4b9e-bcf3-38aa891f2cbb	5
e20f038d-ac1c-49d1-a087-061874e18179	4
b947171d-b61e-4741-bdfa-a00ab4ee0a5a	5
742d194b-8c06-41ba-b589-bd947e76542e	5
423062c7-037e-437b-8fbe-83b273ed61c9	2
ba5cc40c-3549-47f2-b660-36fbbe0bf841	5
566baf6d-2933-4d2e-bda4-23d52968e9e1	5
7f9c8778-8a7b-4b04-994b-30ec67c7e6a9	5
32e1d9f6-1651-4571-981a-300f69f0401b	3
0aee6b03-c0b3-433b-ae44-f51b4fc99f04	5
2735b8b4-c8ad-4f70-b98e-e27c5b4adb81	4
d20e6708-caaf-42c9-af63-573a901a725e	4
91d87ad0-01fa-4a7d-aaf6-85f2f305b14c	5
4804ff18-3a09-4caf-99f8-b8774c0f75d6	5
902bd205-c283-4d84-a9b8-06a70163b01a	5
847398a9-f780-48a0-811d-87d617146eab	5
0a49102c-b35f-47b4-a8fc-4f64b21d5b1e	5
61b23818-a9e7-4980-967f-a5eabc71db1e	5
7a81c3f1-f264-4b23-bbff-bc232fca77ee	5
bec4cac0-ec29-4fb0-9da1-10dbf6f2c9f8	2
9aee70b1-5ad5-4f0c-843f-f2837d8c4ebe	4
58e1a6e6-b5c1-4d34-977d-5f94e14a4108	5
d3079cf3-145e-4fa6-971c-7c5ef1fd480f	1
5a5c3662-1217-4f6c-8910-9fcfc862bac1	5
ae826340-52a9-4477-8aa2-7bcf16b11836	5
d839a4b0-a4a8-4d76-ab15-24283d28c515	3
4f23f3ef-8e24-4e01-a263-a3f17a460ace	5
19bf96e0-6886-4138-b5f9-45b627e79499	5
a4b97145-72cf-499e-9eda-2c70a3b9f1e7	5
87914c40-ce7d-4514-afba-bc4ef220ccf9	5
bf2a6e1f-b854-471f-bf55-922318b87388	4
bc82ae8d-afff-4680-8a6a-64d76a6c6159	5
9ebb03b9-a0bd-428c-b383-22aa5e6cb0c9	4
5333d39a-8981-4cae-be7b-1a4d21836f7a	5
e1cad440-64a2-4e8b-9fbb-688cec6de659	5
2c534c07-03a7-4e79-aa94-bea04ca28d1d	5
e404f4d1-b2d3-45a0-b236-f3e09d61baee	5
3981253e-9ddc-4fd5-a858-3164e1e8a335	5
15010421-e8d6-48a3-b491-b19899962dbe	1
b51649ea-6344-4448-ae2a-1d15b4e9d592	5
bd8893dc-5a56-4ea8-a58b-959407b7dba1	5
3e1e8828-a7e5-42b1-baa9-e41ef3cc9e35	5
f7fea5e1-e353-48d0-b758-0476cd3e46f7	5
4e65c2c9-f721-4a75-978f-df3044ff9079	5
8ab0a216-f845-4960-810c-0ffa74cd5466	5
bff3fa3d-e90f-4be3-8070-977290b68c1f	4
b7402bbd-fb11-4ec1-9b78-d8ff05b12da9	2
94e62c51-70ac-4609-ac4f-3be6b4beb4d4	5
c4069d29-ee43-4b42-bfa8-5566dacd327c	1
fcf8b024-1106-44e9-a59b-5b58c2096c69	1
c9200d45-70b7-4c41-8d20-7669a2d408f9	5
2fc7f1c5-383f-4a88-9198-7122062876d0	5
79acd531-34d9-4b21-9d41-212b2db873cf	5
203ebfea-d1ba-4485-ac7e-ced71f181b7e	5
30efe693-bc50-4849-b1d9-9deacc362faa	5
5474aaf1-e09e-4525-9dad-73fb07f73e8a	5
34e83287-922b-400a-ad12-7afef843e832	5
daf1003c-206d-42d4-912f-9c83b1a48f2f	5
ca605337-32be-4a70-a849-17809d038100	1
94bbd12d-1669-43fd-a79f-b30e5ac36a61	3
087c98af-f9fb-4fb1-9840-9ac4944cc30b	5
5f565f02-7657-4f91-bfe6-cc8855c9f847	5
4574c9db-2668-48cf-9cdd-7bcd9ec8a60c	4
51d527f7-0b06-422b-89eb-3c254b077666	4
52ec54b2-8380-409f-9e0b-62fc819fc4a4	5
f08f4761-5ee0-41f7-a265-1942b3073587	5
148f8054-0a5a-46c6-bfb7-3dc3d6c4a8b8	5
423e85b8-a5d1-4398-97ba-65f3fca380f5	5
2475e851-99d5-45df-83f5-ab7c1cc8ea0e	5
ccaab34d-e935-4a33-8217-f9cabb7e4e7e	2
1fc9e893-ba92-4202-b21e-22043f44b05b	5
6f662fa8-14c7-4c6b-9704-c19a8d3c9f9f	5
074ed296-e1f6-4182-8b24-a6c7c061d617	2
3d1618bf-3c4e-4383-86b3-1a8d3b77ee3f	5
898ef8ed-555c-4aeb-aa58-adf1fee57d7f	5
d99965b6-1639-46d8-9cde-0685acc3ecd2	5
2b040a47-01a9-4a25-a71b-f859cc950521	5
d7a69cb9-89a5-4132-b091-82a6028285de	5
1c4e1d81-c470-44be-9ef8-35ed32f44ec7	2
ee3fe3c4-d7b4-4066-b8f8-5a500da17ff4	5
6198ff4f-ee0d-40e2-8baf-bfbc7e629bdc	5
d3824977-79aa-4599-8a90-6be4b2470436	5
70517fb6-5f21-4a0e-81a3-ec113de8e178	1
df68482d-3e7d-47fb-9d1f-8623dfde6de0	5
6e537c43-5ce6-4fcc-aa5b-deb29a977df7	5
c402a82b-3981-4670-b317-a62c4846076e	3
89dad089-5bd1-4030-8e0e-a4fe84456e70	5
eb4a435d-a3b8-4a22-a1cf-e39a6f31830e	5
fc0e9586-4bf5-4901-9370-778ed685a484	4
f1693c70-bac5-40e3-b15d-3ed82bdf8c36	5
69ed91a7-b1e4-44e9-932e-9b61d82af558	5
c73ef05a-9ee3-4139-afce-4b7a7e9b16d3	2
0e78f11f-4b6d-48da-8f05-1ef47708082b	5
f0f7fa6b-6515-4e62-b5e2-f59a522d8e15	5
6552a5af-571e-416d-93dc-06b277bbb750	5
fdcc1936-c157-4068-817a-68b9a7c54b38	5
28285c56-924a-4bc4-9cda-bdb01c37fba8	4
3b1a1545-a350-4a12-a9dd-d79eed0909bc	5
fce3f5f5-9db3-4abf-91d8-6756447c1eac	5
594f9cb0-cd94-4d28-bd3e-8009eb625517	4
465b68ac-d019-4761-b199-8ef504542cdc	4
42df21fa-8960-421c-a508-a95698b06585	5
d56cbf17-daf6-476a-8edb-8869b9f57756	2
74fcf4f8-9cfb-4991-802c-79e98f994827	5
59a531da-e6b7-49a0-8fbf-3a538846a87f	5
42d786c7-b221-468d-ba2b-c0c7c3849db6	3
12169dcb-046d-441f-8b1d-01c1dfd7c399	5
b6d30ddb-76ba-4396-b870-b8a5b3a814f1	3
adf20f97-a112-4d77-9686-acfd7a1f1060	5
bb44e181-9cd2-4521-8236-6d92498e4e33	5
622e570d-6e03-4214-92b2-624ce86c3741	5
3d31da36-aa14-4323-b8eb-d6add2f87a8a	4
eb276e92-5dd4-454d-bfbf-9df8d44c0b8b	4
6d16bb67-ddb9-49bb-8b05-385b45578653	2
ceb948da-5411-4585-b7e9-1615cf1aba53	1
e9cc3284-eb97-454c-afb1-3505061053a9	2
4ceabe5f-6a72-40bd-afee-388a764bbf15	1
a1dcf4a8-04f5-4839-a573-f5689b8d8ef2	1
d7aa31f3-56a9-4a9f-85f5-e4b0e07d78da	2
2beb6b6e-4600-4168-8ab9-ccc7e34fbe05	4
e58fe0e8-0435-4d22-97c5-5201dbd64c49	1
3d4f93b1-c660-41e4-bdc3-91357b4594fa	5
db493b62-d1c7-4213-9915-3afc875c8c7f	5
b6d77ed8-abdd-4112-ada8-1c830725c47b	5
b6d282a8-8957-4358-8519-855dc8ba65df	5
70e216c1-83ac-4474-96b7-3b0030a67e9a	5
00d4a954-3ab3-46ed-8284-3749aa6c746a	4
46d16105-8410-4ab5-beb5-4b9582f637cd	5
3d5053c3-6e3b-4fe3-9051-93ccf593706f	5
e76a6b49-8497-4038-9d6a-a442c858f60d	4
60f96eab-f9b1-4c8e-8ff4-840eced6c688	5
a094e87e-976d-4460-8ac2-137ef8e7882e	5
53206cce-52bc-4004-9219-7ad37cf58ac8	1
99b075e5-193b-4e7e-9de1-16bed9ab5b92	5
09a362a5-297e-4579-8acf-7c8d8dcb835a	5
15c21849-cc2b-4990-8078-5c573550d055	5
e4c1bd0e-04fc-4702-ad19-3605a246e1a3	5
c3b01fd0-2cbe-4612-b3fd-ccb6f555a481	5
bdf7e94e-4f98-433c-a3ac-e485b8352848	5
305881b1-8098-49c3-9c1c-ac0dc061b3b1	5
34161adb-740f-4270-8aa1-bd7cf6c92959	5
857f50a3-f3a6-45ad-a47a-50ab9ed3809d	5
4732ebff-c337-467f-a1d4-eea9bb3da701	5
33468b0b-2132-4a70-93ed-e4c11e0f9745	5
988903c7-7cb5-426f-b20c-809227d8ca8a	4
5c811351-2dec-432c-bc30-1dd157b81eb8	5
94355785-9280-4536-a172-9ae768fe1b35	2
4cd4c0ac-d370-4d8b-9cba-be6b5bfd4cf9	5
7a2bfda0-3e5d-4f44-b698-73ac1d8b0d12	1
20dfe816-1266-4b25-848d-a310284be16e	5
72d21249-abf1-4746-8f06-4c5084bceb1e	4
ba5ac8f8-fe37-492d-85c7-79172d4418c3	5
6ed3efa1-fc98-4f08-8b6d-e2d2a683629e	3
55492739-1c3a-45ba-a147-ddd96501ab48	4
77380b9e-4680-4dfb-a8e4-2ab636c19f8d	5
de0aab3b-f5b8-49fd-8082-92feb8c6c60d	5
ad801b32-239c-43ef-b9b3-825c57d0de23	5
dce6404f-3ec6-4be4-bc6c-6eff1b0cfac7	5
cb3d270d-3b17-4bb9-a275-ca4bfac02f73	5
4745a54c-74e6-4bd8-aa17-bc690d704181	5
638fba32-3965-491e-8891-99f6665d99d9	2
401ab7ed-c2d6-444f-a9d8-aba5076a393f	1
244d369e-9316-4994-9c4b-80d5c34badaa	5
8771bbfe-20c1-447c-9f27-7496c2552742	5
718bde06-cdfe-46f8-9a0a-5547e72d5051	2
7276e843-5536-4f79-a1bf-ea3eda10384c	5
c01dd6de-70c7-4106-9889-bb82bc0e5b8d	5
d2fd671d-ef0b-49ff-9b77-d01b03aaf59b	5
1f81c660-0053-41d0-a0f1-a2a6d5f6378f	5
6d17ebc2-9da5-4951-82a8-387a55addcef	5
01f169e8-f45d-4fa5-a696-40420f02a60f	5
a2308fed-97b2-4eac-bc36-a54207056dae	1
108522f1-ce1d-4e0c-a823-d40946eb1dcf	5
1fb3ae5d-318e-40a7-888c-31311797cb68	5
c7e48e03-ff74-452e-8040-a933c299b01c	5
0bb9b55b-9b1f-4b67-aefa-756c5aeb9c7d	3
38f9e1a8-ac62-49e2-b3ce-35a0a5fb4009	5
30212d3d-64d9-4e60-859e-28182664f1f1	2
d228f7de-a803-4115-bccc-945b20d8bf9a	4
086d7017-eb02-49ac-931b-4a74878e91bc	5
7f894934-9fed-47dd-813a-af31ddc56573	5
e5d94bce-99d0-4ecb-ba12-dd00f828c7b6	1
c1eeefee-9e6f-455e-86f2-9d056e749dc0	5
55557fab-74d2-4834-950b-97eb76386a62	5
5555dd9c-2ff2-4078-87f8-cf253e4a1c4a	5
ad6a46dc-36c2-4239-ab61-ebd4fb2585e6	1
a79229e6-189d-460b-99b8-b5491040892b	5
ad56fd50-edfb-4d0d-be36-1dd5bbccd16a	5
83a521da-bb74-4304-9dc9-63b9297e61f6	5
d3cb06c0-c46a-42b0-8775-ac0d2055a2f7	5
34c225aa-1163-4a76-ae97-ff6c527ed39e	5
5cc5a658-0485-48ed-957c-adff1d9b163e	1
832040e7-8796-4c8a-a17a-77480713415c	5
637af02b-9aaa-47f2-b5c2-1dc439a78dfe	4
3d92116d-fe3a-47f3-addb-fc055c905ad4	4
58321dea-be74-4049-a53c-3d2179f27059	5
698c604a-3d29-4b8b-8b6a-6046ca429a0c	4
c2ec0518-0bb0-466e-b8c8-2d0968151ae7	5
9de64e21-6d41-4b93-b196-333a76ac9406	5
a8e724e2-f24c-4150-a1ce-61e0674ce693	5
e925e435-ab48-4e1f-b0ed-169c731aa592	5
f4ea4a31-b7bb-4643-82ef-a00b4392cd6d	5
1129731b-6ce5-4e55-b6f9-38b5abc246d6	4
bc6e60c7-536d-4277-929f-ebe319f48dc0	5
056f38a8-b200-4ad0-8524-237275bb4638	5
c8910c33-04fd-47ba-b2b9-d3f64e082f43	4
4ce95a7c-c3a9-4779-9851-d4edf32cc05d	5
55565561-5d52-42fe-b9a6-25dffbb65619	5
c31638ec-92ae-49cd-9616-5e52b38942e8	5
73a5d835-5581-49f8-bf71-b51ae6c08569	5
c765d7d1-040a-43ea-803a-e735731b0812	5
a9ad5f0f-386d-4b41-b54d-24e9da82e65a	5
0bfa67a7-d4c6-4815-b367-a71f89dc2288	1
fa383033-ec6b-47f4-a9c9-3271364c33e2	4
5eb30cb2-e284-42ee-8ea1-37d6fd4f9d9e	5
a3d5494c-1cb8-4308-8a45-9618dd750401	5
71d00692-3cf5-475a-95cc-60c543a01278	5
a90f9187-3910-4dcb-b5a7-8ca1bec00a13	3
68e40b73-9b39-4d1a-b5a8-ba1af51b8671	5
ac903eb7-278b-4787-b099-290a7fa2bc79	5
0e418462-76cd-4da0-adf0-4ce9c186adf2	5
c31bdc8a-5fa2-4b53-9c69-aa3b2d8842e2	4
678c12b5-2e2e-43f5-bbfb-777b62e7f0ed	5
cc584868-0f00-4664-85ef-fc6eeed1fcde	4
9344c22b-2261-4e19-bf5e-fde042a45539	5
8f6a6412-676a-40e1-a9a9-22c91e3e594a	4
1e89dd3e-d317-4944-9323-b71a87cab34e	2
afc81506-736a-4185-b587-320ac35de20b	1
6b0fc2f0-0085-4c53-8526-4a7712a92b52	5
3eee285c-3fa6-4849-8455-5fe623276650	5
44b36080-ceaf-4a10-9fc3-a77f86544728	5
2eeee70c-6d18-4125-960b-b4f98bd5a262	5
3a7bec76-88e8-4e50-b4cf-4ef4818bd83b	3
e8d814cf-2cf3-4b8e-8b9f-727c7ab0ce11	3
ac0d1f87-f4cd-4001-b283-379a3cececf3	5
fa4f1009-9c3a-4599-b026-aac1a1c2d2fd	5
399e4875-686e-4ffb-9843-57c8e251a0b2	4
4a4b5d9c-c62d-40e7-b094-bed7b3006536	2
3264511d-003c-4735-a922-e29cfe1abaa6	5
5f2cd4ab-36e2-4155-8b72-d2975fedd4ab	5
a2b599e9-25d8-4e05-a3f0-413ddb7e2841	5
d7e94c07-0295-405e-aeb6-691254965063	5
e4a29ee7-a708-46a1-9556-52197fe7bf0f	5
db91d131-69d9-4e39-962b-72fe966c0fae	4
259cecf6-4c92-4de0-b4e9-21d23e9c83a5	2
6aa14a89-5e84-4b5a-818e-cbfc30f869f2	3
c812635b-f2af-4afd-8662-f9cd71ea9ec0	5
7650822f-9708-4561-8773-65f5bfcf30bc	1
c51455e2-dfa2-464d-b16d-7fcf0dc427aa	5
f008ac98-f924-41a0-8544-a8f1f66e9021	3
834d9fca-dc27-483c-b2c1-0a217e24df72	3
6e62e4a6-fbb4-483f-acdb-88ed50d97b7d	2
9270c0ea-9f61-42a8-b480-3e7061592276	5
8e97d9f4-73b9-4f7f-b36a-5058bede59a5	5
181d74b1-54fd-49de-aef6-1f673b94fa1c	5
c9a4b583-6e8a-492a-b3fc-36617ec1092e	1
99860b29-348e-4487-84db-f9e4ab2c0a94	3
2b9aa664-ce7f-449d-8399-8db937d79676	4
0ee77575-0099-42a5-9eec-cba604e6d000	5
a07d1283-8200-4552-80d4-ea6eaf81bbaa	5
c8b1aecc-494a-430d-a8bb-fdafdd590942	5
ea896fc1-0346-481b-807c-e07aa1998946	4
320611e2-1fad-42be-aa70-24a850955184	5
615a48b4-635b-465a-8837-158a3b2b029b	5
2a397141-4d29-4287-a94c-d3a220a34606	5
96d5230c-2edc-4265-9c6d-c85f2ebb8db7	5
9988a1ea-e217-4f29-abb5-958aae7919a5	3
46d2e5e4-f0bd-4533-ac43-47e416ff93e9	1
4c99cd1d-ed76-46de-979e-cd76a1e506af	5
c12b7759-2385-4183-bf42-99b34195be20	5
bd2c7eed-d81f-4d66-9f3f-e5d50c312f37	5
7987bafc-675c-479c-80c2-f8c3cd354661	5
870f1ba6-ab73-44ba-af23-bfd030226024	5
be9a7d72-f3a5-457e-a748-dfe2828f57b2	5
342bc356-b54b-4e76-a50f-4ecbb2777e48	3
c0c3e8bf-f2a2-43ed-8afb-eea22a786d9c	5
3d542aa3-c565-4977-a462-5629acf5601d	5
550857b6-5c03-44b9-8813-785bc2296424	4
